N,P,K,temperature,humidity,ph,rainfall,label
39.29,53.77,45.96,21.57,45.96,6.42,76.17,pulses
30.83,51.99,28.26,20.75,58.46,7.76,52.82,pulses
34.59,47.59,39.71,21.59,48.4,6.31,43.46,pulses
65.95,47.94,40.02,23.1,77.5,6.24,132.81,maize
41.07,45.66,35.78,29.94,58.18,6.59,40.58,groundnut
84.42,47.7,46.06,28.59,65.93,6.26,64.22,maize
101.92,53.26,57.17,21.73,88.81,7.09,268.14,sugarcane
72.62,42.91,45.31,29.64,45.81,7.17,141.56,cotton
44.32,65.21,28.48,32.98,59.63,7.31,44.1,groundnut
78.9,39.81,46.74,21.12,60.64,6.67,91.24,maize
56.69,35.14,75.04,34.98,81.9,5.75,200.57,coconut
61.02,49.99,38.83,26.98,51.05,6.78,96.07,cotton
71.57,38.07,49.63,31.08,57.65,7.19,101.24,maize
80.39,42.89,49.08,21.88,76.61,6.99,140.82,maize
84.49,50.88,35.52,24.66,76.95,6.82,180.45,rice
76.65,37.49,72.07,32.2,69.06,6.8,387.82,coconut
76.42,50.59,44.14,28.48,74.99,6.91,277.42,rice
38.5,31.6,45.45,25.28,51.58,7.1,33.09,millets
51.41,40.56,56.17,24.7,59.83,6.23,148.67,cotton
86.21,54.21,34.04,30.93,85.5,6.39,370.23,rice
48.03,57.75,37.81,31.43,55.86,7.6,109.01,groundnut
35.86,59.7,32.89,23.2,66.61,6.84,104.13,groundnut
105.45,49.81,42.49,29.19,76.45,6.72,135.88,sugarcane
93.41,51.66,41.48,33.0,83.04,7.19,199.8,sugarcane
43.34,54.7,61.73,22.63,63.71,6.96,127.51,cotton
94.06,49.89,41.65,29.68,90.89,6.57,223.39,rice
83.09,52.56,30.68,28.56,72.78,6.38,79.46,maize
78.6,44.33,58.28,33.9,85.52,7.22,205.56,sugarcane
108.78,39.37,42.8,29.44,74.73,6.82,171.74,sugarcane
81.48,51.42,43.64,31.15,88.38,6.59,335.34,rice
61.86,51.82,50.63,26.25,46.99,7.01,77.2,cotton
63.77,50.75,43.89,25.03,79.05,6.02,273.28,rice
56.37,27.58,21.74,30.27,58.8,6.6,110.69,millets
63.9,51.01,66.55,24.11,66.04,6.34,53.8,cotton
81.37,42.78,39.64,31.74,70.51,7.18,82.79,maize
59.81,55.14,63.56,27.55,67.44,7.19,147.58,cotton
42.4,51.94,46.99,24.73,42.16,6.76,120.02,pulses
59.24,40.85,52.93,31.13,57.66,6.38,94.48,millets
82.43,48.57,38.77,28.09,81.81,6.43,252.88,rice
46.97,35.12,36.29,24.11,41.86,6.68,49.43,millets
100.16,51.11,59.12,24.7,79.19,6.81,258.66,sugarcane
30.85,52.44,40.2,23.52,61.83,7.11,97.52,groundnut
92.33,53.72,46.82,23.24,77.75,6.52,223.7,sugarcane
48.52,43.83,43.79,29.61,53.59,7.29,22.41,millets
79.04,41.1,44.72,25.82,86.63,6.36,270.14,rice
43.91,60.18,34.54,29.17,62.75,6.31,59.72,pulses
56.15,57.67,49.21,33.28,52.45,7.5,83.35,cotton
48.69,46.0,34.62,20.54,58.76,7.31,89.38,pulses
61.85,47.87,91.81,29.38,83.09,7.2,278.45,coconut
35.01,50.02,43.21,30.91,62.89,7.57,100.86,groundnut
76.39,42.02,35.82,24.41,71.51,6.91,127.78,maize
71.17,52.01,63.39,30.72,58.44,7.71,57.26,cotton
50.27,38.94,36.53,28.81,67.19,7.32,72.96,pulses
89.56,43.17,69.04,31.48,79.74,6.96,174.62,banana
70.19,48.09,44.89,31.65,82.67,6.0,126.31,rice
53.66,62.21,57.78,20.27,71.7,5.64,182.87,coffee
57.37,41.16,62.91,31.59,62.79,6.98,120.05,cotton
45.35,37.54,44.88,35.12,51.2,7.36,53.87,millets
41.47,28.61,45.16,33.57,51.69,7.83,79.12,millets
67.33,55.5,47.11,28.95,75.45,7.07,286.65,rice
58.43,32.5,35.46,25.51,60.03,7.6,34.89,millets
87.68,41.47,51.33,25.15,84.54,7.23,151.72,sugarcane
74.05,48.25,65.09,30.34,57.54,7.17,92.34,cotton
105.89,60.03,52.15,32.89,67.58,6.04,130.66,banana
66.62,40.74,40.94,20.29,81.26,6.06,222.4,rice
45.35,50.95,36.85,33.43,49.87,7.86,31.05,pulses
82.86,38.4,33.0,26.81,96.19,6.23,298.6,rice
82.72,48.93,33.76,27.0,79.01,6.62,194.15,rice
81.9,41.7,43.1,30.43,47.65,6.9,76.58,cotton
66.11,48.79,49.92,35.63,51.6,7.29,80.02,cotton
46.23,37.37,49.85,29.94,52.18,6.44,101.99,groundnut
45.33,54.24,55.72,30.57,45.43,6.7,76.21,cotton
51.65,33.34,50.24,29.66,38.33,6.66,69.95,millets
62.88,43.41,42.28,26.4,70.99,6.25,120.68,maize
91.33,44.66,44.07,24.4,87.57,5.99,301.53,rice
73.55,45.68,35.86,26.66,67.88,6.45,94.4,maize
36.42,61.53,43.65,30.54,75.45,7.15,93.41,groundnut
32.06,38.3,34.43,27.93,49.09,6.31,69.08,groundnut
39.6,60.18,42.83,25.85,49.07,7.26,39.91,groundnut
29.15,44.31,42.79,26.4,59.65,6.33,99.4,groundnut
83.73,51.55,48.92,20.99,89.42,6.5,213.38,rice
73.8,52.01,37.73,23.96,61.51,6.95,94.96,maize
80.08,56.5,46.65,20.78,72.75,7.26,195.71,sugarcane
66.67,44.66,35.95,26.94,57.49,6.69,71.85,maize
58.69,45.91,29.68,31.4,70.03,7.35,119.99,groundnut
39.01,58.1,35.69,28.07,54.43,6.91,50.74,groundnut
62.42,52.88,88.6,32.85,86.01,6.01,233.82,coconut
73.2,51.83,33.19,31.59,58.51,6.66,76.99,maize
72.23,50.3,35.41,32.05,88.41,6.02,377.35,rice
61.01,36.61,39.46,32.29,44.18,7.36,60.4,millets
81.18,46.74,34.4,21.61,83.93,6.18,170.14,rice
76.9,43.95,32.06,31.01,83.25,5.98,183.44,rice
61.41,37.37,58.43,23.77,60.4,6.66,94.06,cotton
40.34,64.01,79.29,26.25,76.06,5.35,150.83,coffee
41.78,32.61,40.54,26.28,49.32,7.62,53.7,millets
76.52,43.47,38.17,32.23,80.87,6.58,177.12,rice
26.15,43.27,36.94,31.42,66.57,7.74,113.37,groundnut
80.16,37.25,42.27,22.7,74.71,6.85,109.47,maize
51.47,55.73,39.64,24.22,72.5,7.07,48.22,groundnut
81.14,48.29,45.26,20.72,82.77,6.27,243.1,rice
91.51,52.35,55.95,29.51,79.53,6.28,152.18,sugarcane
107.41,55.18,49.6,27.74,73.22,6.07,279.24,banana
63.07,40.58,37.0,22.48,50.33,6.56,34.39,millets
68.13,49.91,36.88,25.54,78.12,6.75,81.41,maize
85.07,50.21,41.94,23.76,80.79,6.74,275.63,rice
60.55,44.65,44.23,32.96,41.61,7.51,44.92,millets
77.61,46.78,37.54,28.42,94.57,7.07,304.35,rice
60.24,54.23,56.58,35.33,68.06,7.41,133.11,cotton
40.31,35.44,46.73,18.35,61.35,6.45,64.25,pulses
29.47,31.61,51.29,36.32,41.75,6.93,61.6,millets
46.82,49.6,33.79,22.02,46.93,6.7,74.64,pulses
72.96,55.73,41.92,26.05,78.34,6.21,151.51,rice
52.22,50.01,30.06,18.02,44.87,7.2,103.77,pulses
99.92,54.02,64.42,20.99,78.43,6.69,276.36,sugarcane
105.75,61.86,45.06,34.36,76.24,7.55,121.82,sugarcane
90.81,57.31,44.58,24.92,71.98,6.49,211.76,sugarcane
64.46,34.68,31.93,25.44,43.0,6.35,80.28,millets
42.68,59.21,37.38,30.43,59.75,6.55,68.46,groundnut
38.85,51.13,31.36,29.0,63.53,7.01,100.2,pulses
50.92,26.16,43.76,22.72,40.71,6.31,61.25,millets
39.98,52.34,46.49,30.23,61.37,7.36,70.64,groundnut
46.82,47.36,62.28,28.88,69.05,6.92,116.0,cotton
54.07,38.7,42.9,19.89,55.61,6.05,81.98,millets
84.58,55.38,37.82,20.81,56.73,7.18,140.93,maize
56.52,53.98,68.38,32.71,81.4,6.9,137.52,coconut
45.72,33.44,50.63,35.51,65.41,7.13,57.22,millets
56.23,52.68,48.07,31.36,48.04,7.35,73.95,cotton
65.32,53.47,41.97,30.62,61.38,7.1,82.15,maize
72.49,37.53,42.39,21.72,70.0,6.98,90.36,maize
83.22,41.69,44.27,26.93,83.27,6.98,376.12,rice
30.09,56.14,35.72,31.67,57.09,6.6,57.99,pulses
46.06,50.47,28.71,29.63,55.47,7.42,102.61,pulses
74.33,45.8,41.46,19.47,96.02,6.55,221.77,rice
28.67,42.63,40.66,26.45,58.0,7.46,56.62,groundnut
54.1,26.36,37.73,23.24,53.85,6.32,46.22,millets
34.0,56.43,27.03,26.71,41.93,6.51,99.87,pulses
45.75,40.18,34.52,24.25,65.51,7.58,48.99,pulses
82.7,44.51,34.27,31.68,85.75,7.02,297.92,rice
33.31,38.95,35.83,32.99,33.92,7.27,34.92,millets
85.35,45.4,38.62,24.56,79.58,5.94,292.21,rice
91.58,44.24,48.87,26.66,71.48,6.82,144.41,sugarcane
72.53,50.97,50.09,31.57,92.25,6.24,300.31,rice
97.92,47.07,38.21,29.27,89.18,6.34,308.24,rice
36.33,49.25,40.77,25.4,60.27,7.7,100.4,pulses
64.25,36.79,49.59,26.6,53.24,7.36,38.96,millets
23.05,56.65,39.35,23.06,50.98,7.84,53.92,pulses
64.02,43.85,45.61,24.57,55.2,7.64,113.98,cotton
78.61,44.48,36.99,19.54,78.36,7.19,90.47,maize
34.5,50.7,38.99,26.76,48.3,6.59,96.64,pulses
70.06,41.98,48.95,28.08,76.84,6.45,181.07,rice
38.11,41.16,29.11,28.46,56.93,7.32,34.89,groundnut
37.85,47.48,37.63,20.25,67.13,6.47,74.39,pulses
59.55,28.14,47.35,21.51,61.4,7.16,83.45,millets
49.34,45.81,44.57,34.3,41.73,7.94,36.32,millets
56.45,58.43,37.9,23.19,58.56,7.29,56.23,groundnut
76.7,44.95,53.39,30.35,79.03,7.13,83.71,maize
53.58,52.72,35.51,25.78,53.1,6.76,92.15,groundnut
61.27,39.34,55.43,23.34,59.78,6.84,81.85,cotton
62.94,47.76,34.87,30.95,65.88,6.28,74.54,maize
49.74,54.2,55.55,36.72,45.87,7.16,82.71,cotton
82.39,41.26,31.6,32.09,50.55,7.06,39.96,maize
91.92,41.35,32.36,20.48,88.57,7.13,324.46,rice
64.59,37.41,89.24,26.81,74.27,7.1,282.0,coconut
56.1,39.5,46.08,35.93,59.87,7.41,45.56,millets
60.13,38.05,41.47,30.89,41.94,7.23,47.97,pulses
61.65,48.76,58.27,27.75,47.72,6.37,80.16,cotton
53.95,32.37,37.99,18.58,61.71,6.21,69.41,pulses
83.34,42.77,42.86,30.82,77.15,6.83,123.25,rice
28.25,38.47,36.86,25.51,68.12,7.17,111.18,groundnut
44.05,52.18,72.9,25.43,68.9,6.21,168.76,coffee
65.32,42.05,48.24,24.99,60.45,6.17,102.38,maize
46.45,43.79,40.4,21.11,41.46,6.74,75.13,pulses
55.6,61.07,45.05,30.67,63.87,6.84,42.57,groundnut
36.24,57.78,31.07,26.31,65.56,7.6,44.91,pulses
46.31,43.31,33.93,23.46,60.49,6.38,76.52,groundnut
63.62,53.18,24.33,22.17,57.1,7.4,76.14,maize
79.87,45.27,53.85,33.27,81.4,6.21,145.56,sugarcane
103.18,49.77,59.68,24.75,68.75,6.19,254.92,banana
28.02,44.15,31.24,28.77,64.32,6.48,100.71,groundnut
88.9,43.44,43.63,26.24,84.45,7.11,219.57,rice
83.4,35.55,43.18,32.08,84.54,7.08,354.61,rice
95.39,51.13,64.8,30.48,85.11,6.52,222.89,sugarcane
44.87,45.23,30.96,21.26,70.91,6.63,65.55,pulses
56.98,35.46,57.03,28.08,62.63,7.68,53.83,cotton
88.12,43.08,41.88,29.87,79.56,6.97,210.82,rice
50.45,55.73,31.0,23.12,66.03,7.24,97.05,groundnut
65.38,51.92,41.54,22.16,54.14,6.44,56.98,maize
92.49,44.88,53.46,22.53,68.37,7.26,155.56,sugarcane
77.9,51.02,65.01,29.44,68.85,7.13,215.66,sugarcane
76.21,52.32,30.83,31.14,53.03,6.68,83.44,maize
45.8,33.19,33.79,28.8,48.31,6.8,35.88,millets
60.31,42.4,60.31,30.02,71.44,7.3,148.37,cotton
46.34,60.04,42.46,28.13,69.02,7.38,108.5,groundnut
73.98,56.78,69.11,33.83,54.73,6.87,57.84,cotton
59.27,57.03,56.77,28.58,68.44,6.73,167.57,cotton
74.4,42.08,44.09,21.62,89.5,6.68,364.13,rice
82.7,38.14,43.41,29.14,57.43,6.91,156.77,maize
65.16,43.76,65.69,28.58,50.89,7.4,85.35,cotton
33.26,64.62,27.73,26.11,59.34,7.27,39.22,groundnut
55.4,47.43,44.98,23.97,42.1,7.37,88.64,pulses
82.3,62.37,78.52,31.05,82.45,6.72,125.23,banana
55.77,40.74,62.33,31.73,68.17,6.93,133.25,cotton
63.46,55.17,31.12,20.58,67.57,6.32,112.03,maize
43.36,57.81,37.38,21.13,58.96,6.39,71.8,pulses
98.46,50.45,45.65,33.64,73.9,6.62,111.51,sugarcane
106.43,51.34,70.87,33.29,71.36,6.68,306.79,banana
48.66,42.06,47.77,26.62,58.01,6.87,133.51,cotton
55.94,46.53,64.66,19.48,93.34,5.33,197.61,coffee
60.18,50.2,56.13,24.33,50.24,6.85,117.54,cotton
48.74,46.66,51.47,37.43,45.01,6.87,38.0,millets
35.28,30.57,49.61,36.89,32.33,6.49,49.23,millets
34.99,49.37,38.86,20.8,69.68,7.25,57.47,pulses
70.55,49.23,38.67,26.58,83.31,5.9,166.21,rice
25.15,37.6,28.98,27.63,59.13,6.78,35.11,groundnut
65.61,52.74,31.07,23.76,66.84,6.24,45.09,maize
77.91,45.62,39.12,21.31,93.51,6.93,280.21,rice
30.7,41.93,46.96,34.75,49.4,6.27,40.34,groundnut
58.2,40.84,38.35,31.86,38.04,7.0,43.95,millets
115.69,41.0,62.11,27.7,72.48,6.23,163.59,sugarcane
74.14,48.64,27.09,23.71,67.65,6.96,130.01,maize
48.29,59.05,34.74,26.2,61.77,6.99,112.8,pulses
85.13,53.02,48.46,28.6,92.92,6.09,251.78,rice
87.65,37.34,56.59,30.65,88.87,6.91,146.86,sugarcane
67.8,43.85,49.19,27.72,62.27,7.01,88.1,cotton
96.73,63.05,54.41,31.2,85.64,7.21,219.17,sugarcane
65.45,42.32,33.96,23.73,49.42,7.32,78.54,maize
59.72,41.37,48.38,30.73,43.72,6.4,62.6,millets
59.77,28.76,49.71,27.95,44.69,7.58,53.96,millets
56.81,31.75,45.07,33.27,61.95,7.24,76.11,millets
47.6,55.82,41.8,25.64,49.62,6.63,54.24,pulses
79.61,45.85,31.1,24.6,72.58,7.04,103.11,maize
57.8,51.37,50.77,32.78,63.41,6.58,165.88,cotton
83.11,45.85,47.23,32.03,76.8,6.89,217.43,rice
25.54,63.26,52.14,20.68,53.23,6.57,113.91,groundnut
57.97,48.78,62.15,29.13,46.8,6.47,110.27,cotton
55.04,50.7,59.84,31.85,62.48,6.92,158.81,cotton
78.93,47.25,39.42,21.89,78.89,6.45,209.02,rice
102.43,48.4,53.5,29.97,76.55,6.5,155.67,sugarcane
60.93,40.29,94.33,33.72,94.22,6.92,263.69,coconut
81.27,46.0,46.48,23.17,81.9,5.94,245.84,rice
35.54,41.13,31.48,19.82,54.13,7.42,72.12,pulses
73.17,57.1,50.82,24.28,56.35,7.63,63.89,cotton
38.93,42.21,38.85,29.56,57.72,7.5,60.63,pulses
100.31,45.98,48.38,31.54,71.28,7.17,131.44,banana
67.69,49.3,42.31,23.44,92.16,7.12,355.73,rice
46.97,58.56,54.79,27.27,71.69,6.37,151.48,coffee
69.89,40.36,39.68,29.9,81.79,6.12,204.03,rice
84.79,41.24,43.07,32.19,84.97,6.04,266.32,rice
27.06,45.93,35.48,33.16,46.69,7.55,91.12,millets
42.37,38.73,42.19,25.58,63.4,6.91,89.42,pulses
63.86,50.71,46.08,19.89,92.91,6.28,343.75,rice
55.5,31.0,38.1,29.07,36.88,7.66,36.75,millets
78.24,43.16,36.71,25.01,87.29,6.86,263.93,rice
102.29,49.05,67.57,30.46,80.69,6.99,182.35,banana
59.67,39.51,65.79,34.49,53.24,6.47,78.95,cotton
92.57,47.25,57.49,31.55,76.95,7.03,132.83,sugarcane
80.35,37.37,39.21,23.87,91.16,6.34,230.98,rice
35.95,63.54,34.74,26.08,54.61,7.67,113.72,groundnut
58.26,53.82,44.03,32.85,66.31,7.28,50.51,groundnut
52.27,30.11,48.58,21.09,56.52,6.27,93.63,millets
69.36,56.85,61.8,34.11,54.58,7.27,130.42,cotton
53.1,40.25,32.09,36.72,59.76,6.81,61.58,millets
80.78,53.9,50.4,31.05,85.84,6.74,203.48,sugarcane
67.61,50.07,35.59,26.13,52.15,6.7,85.25,maize
62.77,39.4,32.3,20.72,69.97,6.78,53.96,maize
45.69,58.74,43.33,31.07,64.11,6.94,76.12,groundnut
74.43,41.46,63.14,31.6,58.43,7.12,126.52,cotton
39.16,55.65,46.87,31.14,54.83,6.7,81.78,groundnut
76.49,57.29,28.27,21.51,70.16,6.63,161.66,maize
45.51,55.99,53.76,25.5,62.15,7.28,69.39,cotton
66.33,50.24,41.09,27.06,71.82,7.52,84.05,maize
45.43,45.57,32.86,24.2,45.4,7.1,67.37,pulses
46.59,65.12,42.13,24.35,63.36,6.71,95.37,groundnut
68.53,42.74,44.7,21.19,72.45,7.42,149.12,maize
80.09,46.91,38.61,22.39,92.09,6.53,338.46,rice
60.63,56.2,59.77,22.26,68.83,6.81,88.05,cotton
86.21,46.34,46.49,26.9,82.92,5.89,158.22,rice
57.5,55.16,39.72,21.34,49.47,6.56,48.09,maize
79.09,53.98,34.43,21.27,74.18,6.15,131.53,maize
48.78,39.01,49.31,21.32,57.24,7.55,73.77,pulses
60.85,39.65,48.1,34.33,51.17,7.37,95.76,cotton
84.1,44.84,44.22,26.66,76.12,6.21,179.16,rice
47.13,38.71,47.65,26.14,69.25,6.73,93.54,pulses
47.88,45.46,59.67,16.15,84.05,6.55,229.33,coffee
47.59,33.41,53.1,30.2,40.43,7.31,50.73,millets
70.01,42.82,63.31,28.21,50.25,6.6,80.65,cotton
61.24,49.52,37.36,29.9,75.11,6.54,94.17,maize
92.94,56.78,49.99,32.03,65.55,7.47,159.15,sugarcane
75.09,50.09,40.16,31.23,86.56,6.36,197.5,rice
38.55,41.41,25.22,30.52,55.18,6.49,47.15,pulses
35.81,31.84,31.3,25.4,45.05,6.93,38.32,millets
80.33,41.97,35.35,29.35,82.09,6.45,302.76,rice
51.47,28.2,46.7,30.56,45.14,6.44,71.32,millets
106.34,46.95,61.51,34.98,66.64,6.43,165.43,sugarcane
81.91,44.44,41.3,29.7,74.61,6.62,83.14,sugarcane
26.09,38.01,42.9,25.12,46.79,6.5,63.99,pulses
85.72,55.04,33.24,22.68,83.48,6.7,119.06,rice
34.05,41.46,34.74,27.72,71.38,7.72,38.82,pulses
35.49,35.04,38.5,21.44,73.26,7.18,120.89,pulses
63.26,55.98,59.73,37.53,51.07,7.12,73.33,cotton
30.56,55.98,43.74,26.25,68.33,6.85,58.74,pulses
78.91,41.3,38.24,27.71,75.36,6.63,146.21,rice
35.13,58.85,27.02,33.52,76.39,7.42,134.77,groundnut
60.65,50.06,35.69,26.0,67.79,6.59,115.8,maize
54.74,46.1,55.72,24.67,49.57,7.18,76.39,cotton
45.58,38.86,38.65,28.04,42.93,6.51,48.82,pulses
33.12,51.03,45.16,20.08,53.29,6.37,46.19,pulses
40.27,45.57,46.9,30.8,49.22,6.3,82.09,millets
37.18,43.13,36.77,32.51,55.87,6.14,68.42,pulses
75.21,49.52,30.07,27.99,73.69,7.17,87.44,maize
60.37,48.99,62.68,35.88,54.77,7.19,87.66,cotton
62.34,51.86,42.36,28.47,70.39,7.04,137.65,maize
82.09,47.39,64.09,27.8,68.94,6.98,195.1,sugarcane
75.03,42.8,45.83,28.59,75.49,6.33,279.97,rice
58.81,42.78,90.03,26.23,96.01,5.86,336.71,coconut
40.12,43.52,39.4,23.97,57.67,7.55,107.06,pulses
52.81,65.61,43.38,29.11,69.51,6.67,83.6,groundnut
48.72,46.22,35.85,25.52,36.13,7.57,56.34,millets
95.98,52.64,62.47,31.47,72.15,6.39,84.32,sugarcane
64.62,31.66,70.9,28.29,72.45,6.61,212.75,coconut
75.12,47.26,37.81,28.64,77.09,6.18,249.7,rice
52.96,47.07,53.07,23.22,83.58,5.92,309.95,coffee
65.18,27.51,51.5,30.48,42.75,6.82,62.57,millets
92.8,52.82,47.68,27.27,72.02,6.29,145.11,sugarcane
79.09,53.47,39.64,28.49,74.14,6.89,183.7,rice
59.7,42.72,63.09,30.54,54.49,6.94,85.76,cotton
83.6,45.04,50.03,31.14,77.48,7.06,185.97,rice
44.31,37.73,30.35,24.42,46.19,7.63,62.8,pulses
72.09,49.83,44.66,22.42,83.28,7.04,275.69,rice
89.45,48.46,41.78,21.5,68.33,7.48,194.45,sugarcane
89.41,55.77,55.19,28.48,69.06,6.93,170.62,sugarcane
69.3,44.41,43.28,28.52,55.83,7.19,152.2,maize
85.34,45.25,57.66,31.78,75.83,7.06,247.57,sugarcane
56.0,57.3,40.82,30.57,43.49,7.71,42.08,cotton
97.19,48.62,60.18,34.95,63.06,6.67,124.67,sugarcane
66.05,49.68,45.48,25.86,62.33,6.59,89.93,cotton
52.01,48.78,61.13,27.97,53.39,6.83,59.54,cotton
42.79,53.99,68.33,33.19,60.95,7.34,87.82,cotton
60.89,51.94,41.22,22.69,66.17,6.3,136.97,maize
76.29,41.74,37.46,30.0,89.94,6.11,180.97,rice
51.62,61.97,46.52,32.63,54.83,6.9,76.16,groundnut
55.76,52.1,30.14,26.27,72.64,7.58,92.39,maize
69.39,45.67,38.97,26.89,78.6,6.32,199.88,rice
51.8,39.04,39.99,27.61,37.92,7.61,64.5,millets
38.16,47.2,47.58,18.3,61.14,7.83,55.43,pulses
69.25,51.24,60.05,33.95,56.4,7.21,70.78,cotton
74.97,41.23,27.47,29.48,69.15,6.21,159.83,maize
79.43,46.17,45.04,22.19,71.51,7.16,120.27,sugarcane
24.92,41.28,39.75,29.56,55.62,7.88,34.03,pulses
61.75,42.95,44.56,19.87,50.82,6.71,79.91,maize
68.69,49.39,44.38,28.26,89.74,6.88,291.57,rice
78.81,50.32,36.59,26.92,75.31,5.9,249.24,rice
62.73,52.61,92.09,33.43,69.32,5.86,137.29,coconut
60.37,47.07,46.58,29.19,45.35,6.46,58.94,millets
37.11,30.61,33.38,22.69,48.37,7.58,50.49,millets
57.92,53.34,43.96,32.09,65.51,6.9,96.57,maize
96.16,47.08,43.94,28.72,81.28,6.17,279.39,rice
70.59,54.86,44.23,29.15,92.56,5.9,310.92,rice
87.35,50.33,35.25,31.5,78.33,6.8,205.23,rice
33.76,53.54,44.77,22.22,69.74,6.6,110.55,pulses
92.31,50.66,49.65,24.73,79.03,6.68,297.23,rice
80.68,51.99,28.38,22.78,66.93,7.24,85.02,maize
47.09,45.53,44.58,33.39,70.5,7.67,122.06,cotton
65.46,43.08,41.64,32.19,65.55,6.78,103.69,maize
31.16,56.16,38.89,22.22,67.49,7.3,81.19,pulses
42.83,40.29,31.03,35.23,55.65,6.8,94.22,millets
39.1,34.82,34.49,21.15,44.88,7.1,49.39,millets
51.53,35.15,26.15,28.91,56.21,7.45,141.89,pulses
45.54,50.19,42.83,22.22,54.71,7.09,46.58,pulses
57.27,43.46,36.29,21.28,49.74,7.39,116.41,pulses
91.09,42.82,42.81,27.26,89.95,6.0,213.93,rice
40.44,51.05,53.56,35.46,66.23,7.66,142.07,cotton
71.2,40.54,49.15,33.26,60.86,7.42,72.64,cotton
57.44,53.29,51.95,28.24,66.08,7.32,71.22,cotton
39.92,38.2,33.31,19.36,42.77,6.42,29.97,pulses
45.21,40.86,50.33,28.97,65.08,6.49,56.95,millets
35.12,26.27,40.9,36.23,39.97,6.77,37.91,millets
40.97,53.26,37.13,25.73,59.24,6.42,130.4,groundnut
40.05,52.31,32.03,21.17,56.22,6.61,68.59,pulses
39.51,41.85,33.85,32.75,59.18,6.78,82.99,millets
74.78,48.66,41.29,22.42,88.84,6.93,219.02,rice
77.26,57.75,37.96,25.19,75.9,7.08,99.13,maize
64.5,40.71,29.85,18.28,60.47,6.82,124.45,maize
71.47,56.35,46.65,32.31,66.42,6.65,138.52,maize
77.54,51.58,54.66,27.72,89.21,6.35,266.04,rice
52.39,47.46,40.98,30.03,45.4,6.8,104.42,pulses
70.26,55.96,41.37,22.26,88.97,6.65,278.62,rice
89.49,57.67,47.42,24.85,78.62,6.56,251.2,banana
47.42,57.6,41.37,29.0,74.33,7.24,88.99,groundnut
89.79,56.86,43.55,23.03,78.39,7.22,110.31,sugarcane
63.17,50.54,98.02,22.7,94.34,6.16,293.9,coconut
60.75,32.87,52.01,28.68,54.17,6.3,45.6,millets
69.82,45.2,56.95,25.67,68.88,6.85,74.69,cotton
65.21,53.09,40.85,23.69,66.96,6.77,91.8,maize
89.43,51.22,38.38,28.54,79.12,6.59,182.71,rice
87.51,40.48,45.32,30.78,85.92,6.05,231.75,rice
71.9,45.47,42.13,21.8,88.36,6.12,202.14,rice
70.13,40.52,42.64,20.21,73.47,6.35,62.79,maize
56.69,40.24,37.8,32.53,49.03,6.27,84.36,millets
91.73,45.76,45.69,25.17,89.01,6.49,293.27,rice
74.32,50.87,57.07,34.63,51.61,7.25,89.58,cotton
89.82,46.43,48.83,24.57,74.35,6.32,167.37,rice
44.55,62.29,47.37,32.64,63.41,7.46,54.11,groundnut
46.26,45.91,39.17,25.32,53.95,7.37,32.35,pulses
49.78,46.93,41.66,21.74,63.19,7.45,49.67,pulses
60.44,43.52,35.82,20.28,62.85,7.39,74.94,pulses
69.08,52.87,38.57,19.89,70.79,7.03,115.06,maize
85.21,52.5,44.95,24.69,79.62,6.45,176.63,rice
75.35,50.33,42.15,21.86,79.38,6.1,303.63,rice
92.8,39.53,52.28,31.13,72.69,6.77,167.57,sugarcane
40.45,41.09,30.76,31.47,71.49,7.56,80.88,groundnut
32.19,57.99,42.07,20.19,48.74,7.38,93.21,pulses
73.81,52.57,49.09,25.61,51.85,7.46,68.79,cotton
49.69,43.89,43.09,34.67,33.23,6.21,34.19,millets
52.67,54.93,33.89,18.95,69.57,7.24,61.4,pulses
75.99,38.46,42.52,26.14,74.33,6.4,143.73,sugarcane
50.62,59.01,27.06,25.16,66.05,7.43,88.35,groundnut
41.25,50.27,36.75,25.27,64.96,6.98,73.61,groundnut
62.96,58.04,53.52,34.8,43.74,7.63,45.34,cotton
67.75,48.87,46.26,26.17,49.16,7.09,124.35,cotton
69.93,41.02,46.24,29.41,48.55,6.38,74.41,maize
63.21,59.21,55.23,31.35,64.57,7.09,81.36,cotton
76.18,40.59,41.9,29.96,83.82,6.54,237.03,rice
85.71,47.68,35.96,20.73,80.66,6.58,195.6,rice
48.67,40.33,42.92,28.76,43.84,7.45,47.5,millets
91.7,62.41,52.05,24.52,75.4,6.32,257.14,banana
32.67,67.29,44.35,33.12,52.82,7.24,64.28,groundnut
70.33,46.86,37.56,25.4,75.01,6.11,119.78,rice
63.51,42.16,78.49,26.48,85.88,7.02,309.52,coconut
62.99,43.71,62.72,23.97,65.6,7.64,74.04,cotton
70.63,50.38,36.92,24.05,72.85,6.8,102.66,maize
45.68,42.6,44.15,27.02,47.61,6.63,32.58,millets
75.21,33.82,39.21,28.94,88.89,5.99,173.34,rice
58.52,40.36,68.25,26.05,86.34,6.94,260.66,coconut
75.52,53.12,41.79,17.88,73.59,6.61,88.18,maize
46.61,59.81,68.91,25.23,94.48,6.05,233.21,coffee
32.35,40.78,33.99,32.32,60.75,7.55,86.16,pulses
77.19,51.27,29.19,24.04,47.72,6.52,34.14,maize
71.39,47.34,40.09,25.41,93.24,6.4,270.15,rice
81.53,39.45,32.49,31.81,82.83,6.01,223.32,rice
68.03,56.36,36.39,28.02,95.39,6.1,254.66,rice
80.28,42.47,46.57,27.14,91.02,6.84,291.42,rice
56.15,44.09,45.77,36.22,59.59,7.64,66.8,cotton
82.62,49.07,56.73,27.22,89.13,6.26,168.08,sugarcane
69.11,41.99,45.62,32.5,75.68,5.92,193.64,rice
74.52,40.38,40.68,24.87,76.58,6.46,215.35,rice
83.38,39.05,41.28,24.53,87.33,6.77,279.3,rice
62.87,56.06,35.73,19.84,68.12,7.35,106.91,maize
89.01,48.95,36.69,37.74,68.68,6.67,124.63,sugarcane
39.13,50.44,39.21,21.23,53.62,6.79,61.78,pulses
92.18,54.29,53.37,27.08,82.65,6.9,238.53,sugarcane
45.39,44.21,42.3,21.12,56.12,7.37,32.75,millets
41.66,60.92,21.98,25.56,67.31,6.94,50.19,groundnut
67.86,46.84,46.5,31.91,57.97,7.1,64.93,maize
44.5,33.38,31.18,21.48,43.16,7.2,67.77,pulses
41.22,48.38,43.82,33.34,50.06,6.55,69.46,pulses
44.1,38.18,31.22,20.28,45.36,7.18,41.44,millets
65.59,48.3,36.11,22.73,56.61,6.63,87.98,maize
93.96,46.53,44.53,34.8,76.96,6.7,106.61,sugarcane
63.67,44.8,62.68,23.55,52.56,6.38,65.46,cotton
80.49,42.42,27.4,20.14,56.78,7.16,97.5,maize
55.38,39.46,44.63,20.54,52.47,6.64,43.42,maize
23.31,55.38,37.23,31.3,59.3,7.75,72.42,pulses
72.09,48.37,46.64,21.4,56.24,6.16,122.11,maize
98.23,58.66,51.22,25.09,85.82,6.39,142.11,sugarcane
85.5,42.55,34.3,28.06,83.21,6.91,324.25,rice
63.21,50.13,102.46,25.43,75.25,5.58,244.93,coconut
78.02,51.82,63.64,33.24,88.58,6.85,162.59,sugarcane
82.71,51.56,41.74,22.97,92.84,6.41,298.54,rice
62.73,44.64,39.69,32.81,55.77,6.73,45.87,maize
65.0,46.15,47.22,27.88,64.98,6.79,110.98,cotton
77.73,52.06,63.71,28.2,82.81,6.09,183.25,coconut
94.65,34.57,52.16,25.91,75.09,6.68,185.68,sugarcane
50.15,49.33,66.95,19.13,73.42,6.07,191.08,coffee
59.2,55.9,43.97,27.92,66.57,6.57,120.34,cotton
42.11,44.36,47.9,22.02,46.9,7.36,42.9,millets
50.91,48.01,25.77,19.4,49.11,6.65,102.92,pulses
52.51,44.83,39.07,32.8,44.25,7.16,88.93,pulses
68.38,51.23,51.33,29.58,63.0,6.36,84.47,cotton
58.6,34.99,33.69,23.4,64.96,7.3,102.08,millets
75.65,52.01,38.17,28.02,86.73,6.93,367.24,rice
87.22,40.79,41.17,29.7,81.42,6.55,213.92,rice
83.13,50.26,34.75,22.39,75.82,7.03,176.77,rice
34.77,51.12,32.92,21.44,65.08,6.72,91.87,pulses
95.65,45.26,67.54,24.87,94.23,6.26,185.28,banana
80.59,54.98,36.11,21.53,53.54,6.38,70.08,maize
66.17,46.65,39.06,23.68,60.76,7.1,131.8,maize
48.43,42.24,45.04,27.65,49.32,7.34,53.99,pulses
33.71,46.95,42.78,22.83,58.9,7.73,111.87,groundnut
49.37,42.77,66.94,26.67,53.29,7.17,112.5,cotton
89.4,46.09,42.67,25.09,71.54,7.07,109.36,sugarcane
71.44,40.83,37.53,32.12,74.4,5.87,149.13,rice
43.4,37.21,44.45,34.91,51.09,6.43,77.58,millets
22.22,51.27,44.89,26.35,55.55,7.3,56.25,groundnut
80.05,40.12,41.56,32.17,83.11,6.99,251.9,rice
75.5,47.54,41.34,25.16,87.86,7.02,318.35,rice
40.04,37.32,45.25,30.57,68.36,6.88,111.15,millets
37.09,57.55,32.49,24.53,75.03,6.77,64.15,groundnut
73.97,54.47,51.59,28.95,63.48,7.62,42.83,cotton
48.21,36.42,34.48,32.06,44.0,6.6,65.51,pulses
65.3,54.08,31.21,22.54,67.46,6.62,79.21,maize
74.05,40.8,58.02,28.93,49.71,7.63,93.53,cotton
102.24,37.98,49.96,32.12,59.87,6.85,125.11,sugarcane
47.39,37.74,37.66,34.52,32.42,6.62,55.42,millets
58.33,39.55,86.84,33.76,77.71,7.1,213.9,coconut
44.84,38.92,38.59,26.14,39.53,7.18,29.9,pulses
32.98,32.39,55.64,23.82,37.14,6.36,22.35,millets
69.35,57.03,53.62,28.12,55.81,6.86,82.87,cotton
71.48,56.99,41.25,32.6,51.51,7.38,105.71,maize
80.9,46.74,34.91,21.36,96.32,6.33,287.55,rice
46.45,45.72,35.57,28.48,55.16,7.83,73.35,pulses
45.65,60.25,45.27,21.72,81.18,6.43,185.84,coffee
54.84,43.57,36.1,31.13,66.09,6.66,97.54,pulses
36.3,29.97,32.55,18.97,58.01,6.56,109.72,millets
76.77,35.98,48.71,26.48,85.61,7.29,252.01,rice
73.78,48.6,63.6,31.53,48.63,7.19,41.71,cotton
79.4,48.32,44.23,21.09,86.66,7.0,313.47,rice
78.18,56.77,54.46,30.7,73.09,7.32,132.63,sugarcane
76.38,49.09,61.95,22.17,66.12,6.53,244.51,sugarcane
109.7,43.34,65.57,28.24,84.48,6.94,209.53,banana
31.54,38.77,36.74,21.47,59.16,7.02,38.4,pulses
81.69,39.99,56.3,28.49,71.08,6.33,265.27,sugarcane
92.97,44.87,63.0,29.18,79.23,6.09,206.57,banana
71.38,56.17,45.17,30.11,60.41,6.52,121.37,maize
60.75,47.94,32.36,29.01,40.53,6.88,22.1,pulses
79.6,39.13,38.92,21.38,96.78,6.21,256.7,rice
70.89,53.11,62.52,23.85,47.24,6.4,62.61,cotton
78.45,44.14,39.27,29.88,53.36,6.96,70.45,maize
57.36,49.43,52.01,31.78,57.99,7.09,46.8,millets
55.67,48.3,32.21,31.4,55.29,7.52,74.59,groundnut
42.1,43.87,52.05,27.02,48.41,7.22,77.98,millets
66.66,48.66,38.83,27.63,81.98,6.14,290.54,rice
65.8,42.76,37.65,23.56,75.49,7.05,187.1,rice
82.19,39.79,48.5,31.18,89.76,6.74,276.88,rice
69.94,52.41,37.05,28.68,83.66,7.05,272.24,rice
78.1,57.86,45.32,27.18,67.26,6.25,142.97,maize
44.85,57.01,33.43,23.98,50.88,6.27,66.34,pulses
34.53,39.96,36.09,29.67,46.09,6.34,52.98,pulses
72.45,41.14,45.98,24.47,81.5,6.78,285.81,rice
49.85,34.06,38.92,18.08,55.33,6.48,110.47,pulses
63.01,46.08,47.24,31.78,69.74,7.33,35.69,maize
51.11,51.14,38.17,23.68,62.74,7.42,35.33,pulses
79.51,43.78,41.93,28.29,88.64,6.97,268.43,rice
34.57,42.07,44.91,29.61,48.13,7.71,27.81,pulses
71.25,51.27,38.16,20.06,50.66,6.58,101.98,maize
63.85,45.49,42.41,28.19,60.87,7.4,77.28,millets
39.64,50.69,47.11,33.76,66.12,6.56,63.92,groundnut
86.46,40.28,46.46,28.87,92.24,7.18,216.54,rice
46.6,41.9,31.42,35.89,55.0,7.64,60.83,groundnut
61.31,49.14,42.43,20.13,58.01,6.85,84.93,maize
92.45,45.55,57.89,22.94,67.54,7.39,218.23,sugarcane
90.75,51.59,42.0,27.7,82.19,6.67,200.06,rice
101.0,36.96,42.59,25.76,77.89,7.26,126.53,sugarcane
78.83,58.3,52.43,31.21,75.82,6.75,163.46,sugarcane
55.31,46.13,53.93,32.27,46.48,7.29,173.73,cotton
74.2,47.87,56.34,35.53,85.03,6.86,132.49,sugarcane
79.81,54.33,39.97,30.15,82.62,5.87,206.35,rice
88.54,51.4,43.37,31.93,72.12,6.69,117.03,sugarcane
38.03,42.04,46.9,30.73,67.73,6.82,82.11,millets
66.78,41.62,40.08,28.84,68.25,7.21,85.97,maize
71.56,34.85,35.85,29.09,87.27,6.62,173.66,rice
54.41,33.95,32.67,21.5,65.19,6.95,91.9,pulses
91.76,42.87,40.11,23.63,95.64,7.01,229.63,rice
59.07,44.85,58.21,34.31,49.29,7.34,71.71,cotton
39.23,43.64,29.39,24.52,67.19,7.3,64.16,groundnut
50.68,44.38,50.35,27.01,67.87,7.29,66.59,cotton
47.74,58.67,26.69,23.92,46.59,7.85,92.77,pulses
32.12,57.78,33.69,25.32,52.29,6.46,61.33,pulses
78.06,50.66,59.98,33.67,78.41,6.77,178.25,sugarcane
54.32,37.85,62.12,24.94,65.11,6.81,52.33,cotton
30.98,52.06,39.66,32.68,51.68,6.71,89.28,pulses
70.47,40.59,55.88,30.52,48.47,6.98,93.0,cotton
97.07,39.66,55.32,33.97,67.18,6.57,178.29,sugarcane
57.46,46.38,39.9,32.67,75.6,6.19,130.96,maize
84.06,45.46,38.62,26.31,78.96,6.55,254.95,rice
52.8,48.83,40.41,29.05,44.29,7.83,73.43,pulses
73.22,52.3,43.84,29.78,54.44,6.69,56.75,cotton
93.38,62.78,55.08,34.05,78.78,6.33,173.52,banana
49.38,57.0,52.78,26.79,60.98,7.8,121.24,cotton
87.02,43.54,39.35,28.01,84.85,6.04,145.64,rice
83.78,60.6,71.66,21.37,71.23,7.11,199.03,banana
64.47,49.4,47.09,31.62,65.98,7.2,66.66,maize
47.77,45.56,50.55,30.79,65.6,6.87,41.18,cotton
54.79,32.75,44.11,36.22,49.37,7.45,42.6,millets
48.2,35.93,33.51,25.42,66.36,6.47,41.32,millets
80.26,46.29,38.08,31.15,82.53,6.24,348.89,rice
76.34,47.54,43.91,25.13,60.08,6.91,42.99,maize
62.14,54.51,30.23,31.54,57.57,5.93,66.05,maize
50.54,36.36,51.23,29.65,43.25,6.69,75.27,millets
72.69,49.79,39.96,25.07,79.16,6.69,249.19,rice
48.66,50.37,32.96,33.2,44.61,7.76,53.16,pulses
65.46,48.01,38.55,34.14,49.21,6.93,48.58,maize
65.76,49.3,40.75,32.54,89.57,6.52,206.07,rice
80.46,50.91,44.0,33.47,82.44,6.52,147.12,sugarcane
56.2,56.28,50.03,27.79,67.58,6.55,105.19,cotton
73.03,38.56,40.33,27.11,91.45,6.04,251.43,rice
85.94,56.43,44.18,23.36,95.16,6.13,331.08,rice
67.12,33.69,42.09,26.52,40.07,6.61,45.75,millets
88.25,39.12,35.99,25.09,89.73,6.45,201.48,rice
58.42,40.46,31.63,21.02,55.39,6.41,74.38,maize
31.57,45.16,33.51,20.37,44.42,6.72,20.72,pulses
65.85,51.22,46.87,21.13,90.03,6.64,350.09,rice
33.97,52.61,35.77,25.98,50.73,6.4,90.55,pulses
46.87,29.22,31.01,21.57,51.0,7.79,106.28,millets
57.95,56.47,59.92,36.41,58.72,6.74,87.31,cotton
77.7,46.83,55.62,24.58,86.78,6.95,204.8,sugarcane
81.01,40.97,47.22,27.6,84.3,6.29,289.86,rice
68.06,51.63,42.99,30.29,49.63,6.82,107.73,cotton
43.68,45.4,32.6,25.4,51.38,7.38,33.69,groundnut
81.57,43.24,45.14,31.09,90.23,6.05,287.69,rice
66.45,52.32,55.24,24.15,51.92,7.07,109.28,cotton
69.87,49.32,63.95,28.35,52.27,7.04,78.21,cotton
41.86,42.06,41.77,25.13,36.78,7.62,43.93,millets
65.76,40.91,50.71,25.95,88.11,6.46,170.9,rice
47.69,55.13,34.44,31.21,53.99,6.43,67.51,groundnut
74.92,39.26,31.34,22.28,70.74,6.73,71.77,maize
89.13,55.41,52.37,30.72,79.95,6.61,162.65,sugarcane
44.13,41.08,53.73,32.55,49.96,7.12,39.44,millets
68.42,46.31,70.98,24.66,90.0,5.71,382.89,coconut
58.77,56.07,26.6,19.86,68.66,7.13,134.63,maize
71.32,42.79,30.34,21.67,50.06,6.38,69.48,maize
67.72,43.67,45.84,31.61,53.58,6.6,56.28,cotton
69.14,46.14,49.87,28.27,57.62,7.38,60.12,cotton
61.0,39.52,21.16,24.63,56.31,7.3,54.67,pulses
55.83,44.52,51.15,33.33,67.48,7.02,89.68,cotton
54.57,37.26,45.23,36.92,41.27,6.98,46.17,millets
52.16,23.15,32.67,33.02,52.37,6.85,46.51,millets
47.76,52.46,46.49,25.84,62.99,6.58,164.82,cotton
64.53,43.06,32.83,25.09,45.22,6.42,83.11,millets
79.03,45.98,46.89,27.68,83.14,6.11,255.92,rice
40.72,38.15,39.19,23.43,47.66,7.81,109.45,millets
52.86,29.07,37.01,25.22,48.24,6.91,40.95,millets
68.12,44.38,43.29,32.18,87.55,6.63,249.81,rice
91.34,51.1,42.1,31.8,86.42,6.71,222.14,sugarcane
37.82,33.97,30.17,21.69,51.55,6.21,72.37,pulses
58.07,27.57,36.28,28.99,56.56,6.35,32.44,millets
78.51,36.74,35.4,21.3,86.72,6.89,197.34,rice
48.78,28.13,45.96,36.31,41.63,6.71,29.75,millets
82.58,45.77,43.0,21.01,86.6,7.02,281.31,rice
46.45,44.48,40.74,33.81,53.86,7.25,49.04,cotton
39.36,46.04,31.38,28.16,67.95,6.92,93.49,groundnut
68.41,45.74,33.29,24.02,72.81,6.42,144.81,maize
32.59,56.23,38.65,31.96,73.94,7.09,83.45,groundnut
66.91,34.75,42.2,29.56,53.59,7.01,127.93,maize
83.16,51.69,67.66,34.63,73.3,7.58,149.61,sugarcane
47.29,68.56,36.64,33.48,53.73,6.94,40.23,groundnut
68.85,40.98,37.63,26.91,37.15,6.86,51.99,millets
56.66,48.6,33.48,32.62,56.47,6.55,101.22,groundnut
69.6,54.37,45.34,30.62,81.87,6.73,356.95,rice
47.21,47.89,34.53,31.43,52.13,6.45,40.01,millets
49.53,43.92,52.2,22.59,39.36,6.62,41.37,millets
49.73,44.17,44.27,31.06,62.68,7.4,24.71,pulses
84.42,40.74,48.25,31.33,91.41,6.12,222.36,rice
58.8,42.06,61.11,26.86,50.44,6.89,122.15,cotton
63.08,55.88,57.95,31.8,56.51,6.9,75.03,cotton
56.2,35.3,38.26,20.09,60.99,7.06,74.54,millets
99.14,57.4,73.63,23.33,96.74,6.68,258.48,banana
87.29,39.24,41.71,24.72,75.27,6.55,215.42,rice
80.38,54.34,45.62,19.96,50.44,7.39,55.75,maize
55.87,53.3,58.06,32.18,67.08,6.76,151.12,cotton
54.84,45.98,30.01,22.75,60.58,6.39,66.27,pulses
49.47,52.81,24.43,26.84,45.94,7.0,91.18,pulses
70.6,52.89,48.05,25.09,69.35,7.4,116.37,maize
36.85,48.85,57.15,25.21,77.58,6.01,113.05,coffee
52.2,45.72,35.64,32.31,43.68,6.81,74.9,millets
69.68,48.37,48.34,35.53,60.28,6.68,81.29,cotton
48.65,43.81,41.66,34.96,36.75,7.97,63.48,millets
49.64,56.53,60.11,29.57,48.01,6.98,75.67,cotton
37.8,45.15,32.68,26.53,45.06,6.61,93.56,pulses
79.58,48.42,47.15,28.29,77.44,6.43,214.62,rice
71.3,48.21,51.77,29.05,72.09,6.44,164.43,rice
100.77,58.09,69.7,31.61,82.03,7.28,276.14,banana
39.97,46.82,40.33,34.17,47.2,7.08,114.68,pulses
39.61,35.47,46.18,26.02,41.01,7.27,74.2,pulses
68.91,44.16,29.17,32.61,61.55,7.45,29.34,pulses
75.35,39.08,35.28,27.05,80.26,6.77,260.88,rice
60.05,43.73,41.02,32.23,38.25,6.14,64.15,millets
47.83,56.11,34.12,26.94,54.28,6.77,86.68,pulses
87.06,38.15,44.62,30.44,72.32,6.25,201.18,rice
31.42,48.25,51.98,25.57,61.27,6.42,80.18,groundnut
76.12,47.44,55.56,35.0,58.58,6.88,72.75,cotton
67.94,46.83,45.62,26.3,74.64,6.18,180.13,rice
29.07,50.02,30.71,23.11,49.7,6.98,46.2,pulses
37.75,47.06,47.44,26.03,64.0,7.63,72.99,groundnut
94.7,49.16,41.59,25.3,83.48,6.11,346.42,rice
68.81,51.21,39.51,28.74,88.41,6.24,220.89,rice
70.9,52.64,57.98,34.93,65.62,6.44,86.63,cotton
65.94,52.55,40.5,31.05,65.29,7.04,94.97,maize
72.08,48.85,39.6,21.23,77.46,6.91,264.57,rice
63.81,51.8,39.92,27.31,85.07,6.51,160.66,rice
74.41,44.71,36.05,31.71,56.43,6.76,82.44,maize
34.89,53.45,27.68,25.31,62.99,6.74,38.7,pulses
75.97,40.94,31.38,19.44,47.03,6.52,42.89,maize
72.06,51.82,65.45,23.66,59.03,7.18,141.99,cotton
58.78,55.5,45.24,29.01,54.12,6.57,53.87,pulses
83.35,44.47,34.56,29.76,58.99,7.1,153.34,maize
48.77,30.7,31.71,23.83,38.88,6.48,60.51,millets
31.92,44.57,33.72,31.31,43.42,6.81,30.85,pulses
90.94,40.6,38.5,24.91,78.51,6.26,129.01,rice
63.61,44.91,41.88,19.02,48.11,6.38,45.66,pulses
78.47,51.83,40.49,23.47,78.89,6.34,141.05,rice
42.76,42.0,38.27,27.04,43.16,6.27,86.32,millets
94.89,49.56,61.19,25.3,79.72,7.36,140.54,sugarcane
48.09,62.68,34.61,35.56,54.49,7.64,51.14,groundnut
66.18,56.74,55.11,34.97,73.64,6.98,74.06,cotton
53.04,39.12,45.08,27.09,49.69,6.43,68.21,groundnut
63.82,51.99,57.21,28.19,42.18,6.49,41.19,cotton
79.73,40.03,61.47,26.86,68.41,7.01,111.97,sugarcane
30.88,45.6,33.26,28.91,45.14,6.67,58.05,pulses
86.01,38.37,43.83,30.66,85.45,6.17,271.76,rice
68.1,50.16,36.5,21.7,73.48,6.98,135.88,rice
53.23,39.7,47.31,23.88,38.4,7.57,24.32,millets
81.72,49.31,50.09,23.24,84.23,6.25,201.55,rice
71.93,41.65,39.84,23.61,79.54,7.12,175.89,rice
58.38,29.6,32.76,27.78,39.09,6.93,106.39,millets
55.03,39.34,50.19,36.75,50.48,6.51,52.08,cotton
46.72,45.21,36.77,18.39,71.57,6.48,77.86,pulses
62.93,41.82,57.41,32.73,46.09,6.32,86.26,cotton
42.27,54.74,45.62,28.54,50.14,7.51,41.66,groundnut
62.52,46.74,62.26,31.11,47.53,6.81,135.82,cotton
70.38,46.86,31.38,19.43,66.16,7.45,128.17,maize
80.71,50.86,44.27,24.76,77.73,6.58,138.04,rice
57.63,30.97,37.81,28.91,52.55,6.63,71.5,millets
84.93,45.85,37.37,27.42,73.39,7.04,133.23,rice
38.08,37.79,26.39,20.32,50.24,6.99,80.2,millets
72.15,54.38,39.27,32.9,63.99,7.15,84.59,maize
66.69,47.99,41.53,31.96,46.66,6.89,134.0,cotton
74.02,43.19,44.09,25.74,86.84,6.37,234.77,rice
43.78,45.08,44.02,25.35,44.9,6.66,55.88,millets
56.83,52.23,54.69,26.68,58.32,6.86,106.82,cotton
39.22,40.11,46.63,30.89,75.34,7.15,89.69,groundnut
71.43,47.28,42.71,29.32,84.62,7.06,324.12,rice
70.05,45.45,72.99,24.28,71.03,5.9,346.22,coconut
48.35,47.74,57.17,25.3,50.49,7.5,129.85,cotton
82.69,53.98,47.11,25.42,70.72,6.14,136.09,sugarcane
70.44,59.38,27.58,24.9,73.79,7.02,90.05,maize
47.49,33.87,33.7,20.59,63.96,6.76,30.5,pulses
81.71,43.67,88.1,31.09,86.29,7.02,363.17,coconut
52.13,41.0,62.54,29.11,66.83,7.16,95.54,cotton
57.46,48.32,29.44,26.14,65.98,7.1,98.52,maize
36.73,33.4,30.09,23.32,52.35,7.1,112.09,pulses
57.71,59.4,36.16,26.78,47.71,6.35,109.32,pulses
67.01,40.22,42.67,33.26,65.59,7.55,151.3,cotton
108.99,58.92,44.32,28.49,76.26,7.48,278.44,sugarcane
70.87,48.49,50.72,24.84,82.14,6.83,376.11,rice
91.29,37.95,47.21,22.43,79.67,6.1,156.61,rice
82.42,55.78,39.59,32.43,81.57,6.58,208.67,rice
79.36,53.84,46.61,33.16,75.55,7.26,168.08,sugarcane
38.98,44.07,54.87,22.84,57.77,7.5,51.0,millets
36.49,48.1,37.67,27.14,40.14,7.23,50.83,pulses
47.24,48.95,38.26,29.98,61.58,7.67,43.3,pulses
97.85,53.22,42.88,26.07,75.19,7.33,228.52,sugarcane
69.74,41.54,31.11,31.97,64.45,7.43,83.8,maize
83.24,42.53,40.77,30.32,85.81,6.31,144.98,rice
84.08,47.42,40.48,20.93,76.37,6.2,150.5,rice
44.85,59.49,47.31,29.9,45.24,7.28,79.98,cotton
74.62,52.97,49.22,32.83,53.02,6.3,58.87,cotton
55.87,56.96,42.5,34.27,64.22,7.47,79.05,pulses
90.27,42.92,49.85,25.24,78.73,6.42,178.4,rice
85.97,38.1,50.32,29.21,68.07,7.64,163.29,sugarcane
51.03,38.88,42.91,36.28,52.44,7.78,68.56,millets
38.44,51.62,25.68,22.01,74.81,7.14,93.07,groundnut
53.39,29.52,44.1,33.48,47.64,6.31,70.44,millets
52.78,55.14,47.13,33.27,53.51,6.75,47.81,cotton
32.78,57.14,38.63,31.39,69.12,6.25,49.3,pulses
78.58,53.53,42.8,19.77,74.33,7.13,123.88,maize
95.78,48.24,42.48,30.8,85.39,6.91,237.52,sugarcane
89.92,52.01,74.16,34.49,90.85,6.09,211.39,banana
42.78,50.94,37.99,23.57,56.13,6.99,96.28,groundnut
73.2,45.72,48.03,25.67,76.68,6.82,247.73,rice
43.57,34.6,39.37,31.58,57.1,6.42,52.71,pulses
105.62,55.78,46.64,34.17,68.11,6.55,94.54,sugarcane
88.13,54.11,34.87,22.17,53.56,6.25,73.27,maize
63.66,43.53,49.39,30.17,54.36,6.87,70.62,cotton
58.64,53.59,52.4,26.8,49.69,7.66,69.0,cotton
94.7,53.67,38.49,21.51,79.27,6.19,269.65,rice
42.11,55.38,33.32,23.18,78.82,6.51,91.37,groundnut
47.42,52.35,50.87,21.74,87.6,5.57,210.45,coffee
61.58,45.39,35.9,24.34,47.45,7.64,51.95,pulses
41.28,38.99,45.47,24.43,51.59,7.83,74.76,millets
45.72,39.82,35.42,22.79,68.86,7.47,84.1,pulses
83.17,47.19,50.61,24.54,90.73,6.39,278.79,rice
77.56,44.81,34.97,30.22,62.61,6.91,134.45,maize
72.64,51.72,31.81,25.48,80.16,6.25,198.91,rice
53.33,39.59,52.37,30.47,64.4,6.76,63.6,cotton
99.85,52.5,60.07,34.89,64.02,6.35,145.34,sugarcane
63.67,50.74,52.1,24.34,62.42,7.59,66.55,cotton
102.27,55.91,51.3,27.81,66.81,7.27,152.39,sugarcane
48.03,50.94,41.21,20.2,49.98,7.48,41.19,pulses
41.18,41.71,43.98,26.81,41.34,7.79,51.78,millets
47.42,39.47,29.47,30.04,41.93,6.36,89.59,pulses
40.33,36.91,30.68,33.65,57.84,7.33,33.87,millets
87.21,56.0,66.86,30.08,78.5,6.7,91.06,sugarcane
67.5,56.31,63.68,32.46,59.08,7.39,81.66,cotton
84.36,43.93,36.58,23.26,80.6,6.86,238.12,rice
80.38,42.18,39.9,24.73,61.37,6.52,137.2,sugarcane
39.62,36.2,42.21,23.81,58.06,6.95,56.1,millets
51.94,38.18,42.49,30.38,47.77,7.51,72.79,maize
96.2,42.94,56.97,27.76,88.19,6.98,160.42,sugarcane
61.66,58.92,47.43,32.53,58.91,7.52,98.73,cotton
92.27,51.5,44.56,27.86,63.04,6.39,108.58,sugarcane
76.08,48.7,35.48,19.38,60.0,7.56,95.18,maize
92.56,41.38,54.37,23.76,76.54,6.29,135.46,sugarcane
79.39,41.15,50.2,28.33,87.7,6.45,246.56,rice
80.89,48.61,41.03,19.76,92.1,6.43,325.83,rice
84.36,40.61,45.69,19.8,56.57,6.58,128.98,maize
52.7,55.87,56.18,31.79,64.73,7.48,69.22,cotton
58.66,27.62,32.71,26.92,66.42,7.2,87.59,millets
78.22,62.49,64.28,24.16,70.09,7.17,118.15,banana
35.41,43.15,32.74,19.13,58.74,7.02,29.4,pulses
85.92,57.51,36.52,25.43,85.55,6.52,246.09,rice
55.24,33.1,47.39,20.53,41.65,6.34,85.73,millets
54.56,50.59,32.86,18.11,59.92,7.01,40.68,pulses
72.79,36.18,41.91,21.67,79.15,6.2,234.25,rice
69.0,52.0,36.77,30.32,52.56,6.25,100.17,maize
39.54,49.78,40.55,23.68,47.88,7.36,80.18,pulses
47.63,47.1,37.9,36.66,33.53,7.14,26.52,millets
71.82,53.88,34.13,23.65,56.43,7.22,56.2,maize
81.5,49.87,31.52,31.21,76.61,6.89,257.38,rice
39.33,41.17,38.08,26.77,51.51,6.75,107.34,millets
57.31,28.91,35.46,31.77,33.36,6.27,76.22,millets
50.28,41.21,40.06,35.99,51.22,7.55,46.57,millets
61.11,41.88,61.02,37.31,46.49,6.73,90.18,cotton
105.75,56.9,45.1,33.5,78.57,6.28,175.1,banana
73.62,49.33,55.85,33.82,50.72,7.69,56.23,cotton
98.35,41.02,61.47,31.84,87.07,6.35,255.96,sugarcane
84.24,42.99,40.01,30.22,77.1,5.95,196.01,rice
65.44,42.66,34.84,27.46,62.94,6.84,103.31,maize
70.11,39.84,44.95,24.66,78.99,6.73,211.66,rice
28.94,50.73,30.51,20.09,52.16,7.53,51.81,pulses
53.52,53.38,50.21,29.11,45.42,7.21,97.68,cotton
35.47,33.42,38.78,20.55,62.1,7.51,87.44,millets
72.53,38.8,39.99,21.8,81.67,5.87,224.08,rice
85.54,50.23,41.44,23.03,94.92,6.53,374.39,rice
81.93,53.15,54.45,23.13,66.66,6.63,119.11,sugarcane
66.18,40.15,43.8,22.58,87.5,6.9,137.59,rice
49.36,50.92,60.88,34.51,73.77,7.08,123.9,cotton
42.18,47.32,48.06,32.92,60.87,7.51,106.17,groundnut
88.0,48.04,35.19,26.42,72.71,6.83,217.75,rice
71.85,56.75,38.98,26.78,63.9,6.4,133.22,maize
94.31,38.85,50.61,25.45,68.19,7.09,119.54,sugarcane
88.47,45.71,49.58,31.84,88.27,6.47,184.6,sugarcane
46.93,43.21,35.59,23.34,40.33,7.07,84.86,millets
91.21,58.65,58.54,19.25,76.13,7.33,226.7,banana
81.99,39.1,55.46,27.75,69.13,6.83,159.05,sugarcane
71.0,56.44,29.13,22.8,68.67,7.34,99.35,maize
77.31,48.98,65.89,32.47,96.9,6.98,160.67,banana
52.95,55.54,33.83,21.65,59.17,6.41,105.88,maize
58.89,50.8,32.88,22.81,68.8,6.78,94.25,maize
47.84,43.03,37.36,23.78,47.99,6.95,38.15,pulses
37.7,48.79,34.75,22.89,70.75,6.73,49.94,pulses
85.57,42.2,38.12,23.0,91.95,7.04,208.54,rice
40.08,32.5,50.57,24.8,37.66,6.72,31.28,millets
31.53,45.89,35.92,21.97,39.12,7.26,41.71,millets
73.73,47.54,44.82,24.23,44.49,6.85,39.91,cotton
46.39,46.62,31.52,22.19,56.01,6.59,63.02,groundnut
44.95,47.06,49.15,31.68,48.13,7.6,69.19,millets
69.16,42.55,33.48,19.34,57.41,6.6,88.29,maize
51.82,30.37,34.93,29.04,44.2,6.95,36.75,millets
71.53,45.05,54.13,27.97,88.79,7.09,182.79,sugarcane
70.29,50.11,41.28,19.41,85.71,6.52,280.05,rice
97.45,54.19,66.95,34.81,88.92,6.88,185.96,banana
40.38,35.2,42.67,22.32,62.24,7.75,49.25,millets
77.57,54.11,46.84,28.03,64.11,7.04,183.37,sugarcane
61.89,56.07,38.48,30.53,54.26,7.18,62.72,pulses
30.43,61.58,55.68,23.52,71.95,6.37,67.81,groundnut
86.4,46.65,56.0,21.67,69.97,6.41,185.08,sugarcane
55.36,40.84,47.32,31.03,55.71,7.39,98.22,cotton
71.72,40.62,50.56,22.39,85.61,6.48,306.04,rice
55.4,53.57,56.29,23.17,62.42,6.32,130.55,cotton
77.43,48.11,39.57,20.62,85.36,6.23,269.71,rice
61.7,38.61,35.53,27.58,59.53,6.92,65.26,millets
65.84,50.01,31.34,19.03,65.89,6.42,138.64,maize
41.85,49.87,35.72,19.38,42.31,6.47,48.4,pulses
59.76,39.36,51.92,35.45,42.17,6.75,90.07,cotton
53.01,55.02,67.43,32.41,61.49,7.56,82.33,cotton
83.36,43.73,44.13,31.19,89.61,6.49,297.6,rice
68.94,50.13,35.48,25.36,70.76,6.48,71.31,maize
75.6,51.06,27.67,21.59,77.42,6.6,110.9,maize
82.13,51.83,53.54,25.73,74.26,7.47,94.27,sugarcane
38.9,45.86,38.29,20.19,35.09,7.3,51.34,millets
66.09,56.61,32.76,27.98,51.55,7.37,88.67,maize
86.92,48.14,35.49,28.76,90.81,6.81,270.39,rice
58.36,55.72,50.53,23.0,54.41,7.62,84.75,cotton
34.62,55.12,28.64,21.21,57.74,6.47,31.59,pulses
49.13,40.06,38.56,25.7,67.51,6.22,60.01,millets
55.09,57.02,41.14,33.87,65.85,6.93,51.69,groundnut
41.7,45.85,53.66,24.16,41.18,6.45,44.49,millets
87.4,43.3,47.63,29.74,83.87,6.5,274.5,rice
76.81,43.41,37.47,27.57,79.35,7.01,150.14,rice
31.3,55.4,35.45,30.33,59.49,7.64,44.15,groundnut
73.98,45.6,42.57,20.98,72.55,7.06,165.91,maize
29.77,52.63,42.76,21.18,56.27,6.42,58.34,pulses
84.74,56.93,58.93,23.35,74.09,7.04,234.27,sugarcane
76.93,51.87,44.18,32.0,82.05,6.32,209.71,rice
78.64,54.8,34.08,20.65,66.18,6.99,127.61,maize
43.92,45.63,40.87,31.56,50.0,7.55,43.92,groundnut
56.35,26.93,36.4,34.2,43.96,6.69,52.27,millets
48.88,40.05,34.74,22.91,40.99,6.6,53.04,millets
82.14,46.08,44.32,26.91,96.48,6.73,237.39,rice
52.38,30.55,38.81,28.47,65.72,7.42,79.65,millets
42.07,51.49,40.79,29.36,44.65,6.94,102.78,pulses
100.23,53.1,41.81,20.9,88.74,6.28,376.0,rice
44.81,56.2,41.51,27.29,57.93,7.52,95.04,groundnut
110.29,35.72,53.01,31.36,79.13,6.37,156.65,sugarcane
30.39,43.48,36.04,22.29,45.84,7.63,54.12,millets
55.76,31.43,47.97,22.88,63.46,6.69,74.79,millets
58.05,54.62,64.98,30.14,71.58,7.28,109.92,cotton
48.04,46.11,44.28,34.7,49.99,7.14,45.74,groundnut
81.0,44.04,44.86,28.69,82.92,6.84,142.11,rice
43.19,53.89,27.66,23.27,66.56,7.03,21.59,groundnut
79.79,41.76,43.5,27.3,80.74,6.91,119.81,rice
88.61,39.81,39.55,21.74,79.43,6.53,270.55,rice
53.93,42.39,46.22,25.65,37.14,7.43,51.76,millets
43.9,52.3,31.89,18.33,60.99,6.87,41.99,pulses
56.74,47.47,57.19,26.09,55.09,6.52,145.75,cotton
40.16,24.99,30.52,29.62,56.2,7.09,98.34,millets
67.76,41.03,49.76,20.01,85.51,5.95,204.45,rice
97.52,54.11,57.45,21.42,72.87,6.52,151.95,sugarcane
59.73,40.74,38.32,22.34,75.05,7.06,155.93,maize
67.68,55.86,46.19,27.65,60.03,6.44,144.5,maize
78.1,42.22,49.89,27.97,84.0,6.61,243.95,rice
46.99,38.52,47.86,31.42,51.25,6.27,105.1,pulses
81.81,46.86,31.27,28.1,71.59,6.21,89.19,maize
33.33,44.96,35.36,35.35,51.58,7.22,61.99,pulses
49.57,41.41,27.51,18.4,40.22,6.65,48.81,millets
38.98,51.3,28.99,29.56,59.85,6.67,47.6,pulses
83.69,40.74,45.71,24.91,83.95,6.24,265.96,rice
69.05,47.66,43.0,25.29,65.68,6.91,70.91,cotton
39.92,54.92,38.65,30.38,41.46,6.68,29.93,pulses
89.03,44.42,52.07,21.56,87.96,6.01,185.88,rice
53.34,53.78,41.4,32.76,71.06,7.43,75.7,groundnut
75.35,55.91,57.79,34.05,71.68,7.59,126.45,sugarcane
71.78,53.18,43.64,23.6,86.5,7.05,228.12,rice
65.38,55.77,33.42,29.66,61.96,7.24,74.0,maize
36.17,43.17,38.11,25.69,70.49,7.25,87.45,groundnut
55.33,63.33,33.84,28.53,66.77,6.71,46.11,groundnut
95.35,60.86,49.52,29.18,76.12,6.73,259.52,banana
44.73,61.09,36.7,30.62,67.07,6.84,96.74,groundnut
59.8,39.17,36.28,29.54,66.16,6.99,106.51,millets
94.25,37.73,38.68,30.52,78.6,6.9,189.69,rice
45.42,43.06,41.91,26.59,71.45,7.0,54.95,groundnut
64.56,51.04,29.01,28.74,52.65,6.18,117.89,maize
69.04,45.86,38.05,21.49,78.34,6.89,143.34,rice
34.26,42.59,43.39,33.44,63.6,6.34,114.88,millets
54.48,31.96,38.71,22.27,40.01,7.73,84.33,millets
63.81,48.99,36.8,19.48,57.58,7.07,104.78,maize
66.38,56.04,37.53,26.48,72.33,7.28,82.32,maize
33.69,43.59,24.58,24.57,75.67,7.5,105.79,groundnut
96.78,54.35,52.08,28.79,85.19,7.47,200.75,sugarcane
66.24,56.55,56.72,26.1,42.49,7.48,52.14,cotton
73.95,46.04,51.55,32.24,70.96,6.46,135.22,rice
36.34,43.03,33.28,35.13,35.63,6.38,77.85,millets
29.7,38.91,26.85,27.2,69.65,6.91,115.9,groundnut
77.57,41.24,29.76,17.56,68.69,6.52,130.73,maize
41.53,31.41,46.77,23.66,49.71,6.88,98.77,millets
84.57,57.87,51.51,32.22,67.25,7.3,149.77,sugarcane
70.24,48.29,42.14,20.27,71.6,7.25,110.42,maize
51.92,39.49,47.23,35.21,50.99,7.19,37.34,millets
65.75,43.0,57.88,30.48,56.0,7.43,120.69,cotton
86.57,60.36,76.56,33.27,79.72,5.97,126.46,banana
42.46,41.4,30.04,23.76,64.98,7.59,65.96,millets
34.73,33.88,40.44,28.77,53.13,7.22,22.84,pulses
37.77,39.1,39.25,20.16,49.71,6.99,48.33,pulses
55.13,31.18,34.92,27.01,44.89,6.76,64.06,millets
87.39,53.64,71.43,28.94,73.37,6.39,148.04,banana
63.86,49.98,57.91,28.88,70.05,6.53,122.6,cotton
40.27,61.55,46.57,24.85,75.3,5.72,152.06,coffee
59.35,45.63,44.15,26.66,50.31,7.25,89.75,cotton
86.12,48.3,66.04,24.88,72.05,6.41,95.11,sugarcane
49.8,36.35,26.02,28.87,53.3,6.75,71.57,groundnut
71.43,43.66,65.3,30.15,64.87,6.44,36.65,cotton
67.56,45.51,60.86,30.16,50.46,6.49,73.27,cotton
36.59,40.98,29.24,30.98,62.29,6.73,72.33,groundnut
40.95,41.96,33.97,25.13,69.91,7.13,52.04,pulses
92.42,51.01,47.99,24.19,72.34,6.97,98.0,sugarcane
55.42,41.69,51.88,29.49,57.07,7.14,63.66,millets
50.21,29.9,34.42,29.98,59.19,7.21,43.54,millets
88.02,35.75,43.15,22.87,94.77,6.78,318.19,rice
64.97,47.5,45.0,31.84,52.93,6.5,62.88,cotton
42.75,42.88,31.2,30.15,76.43,6.28,101.55,groundnut
47.68,58.64,34.98,29.88,63.2,7.2,62.94,pulses
32.22,54.32,43.01,31.76,67.19,6.77,95.08,pulses
33.22,62.41,28.02,30.31,64.52,6.3,62.35,groundnut
69.49,45.77,40.18,33.25,47.93,6.61,43.05,cotton
78.93,49.49,41.07,18.92,52.3,6.07,72.25,maize
77.72,48.94,47.41,30.67,78.58,6.67,151.9,rice
65.8,56.54,51.42,34.51,56.47,6.5,39.74,cotton
42.33,44.37,43.33,31.66,58.03,7.74,79.21,millets
40.15,39.61,33.45,28.18,42.95,7.83,41.63,millets
81.67,51.69,48.33,26.55,75.64,6.82,110.5,sugarcane
36.95,64.19,33.1,24.41,59.14,6.44,86.89,groundnut
50.64,38.93,39.94,31.93,69.24,6.93,74.71,pulses
45.55,36.25,44.2,26.56,37.15,6.31,84.08,millets
32.72,46.65,27.22,20.05,55.35,6.52,88.51,pulses
62.28,56.82,46.22,29.43,51.06,6.24,123.27,cotton
54.81,45.79,61.53,29.06,58.23,6.51,109.78,cotton
74.56,49.84,39.34,22.97,80.68,6.94,187.27,rice
96.49,45.73,77.24,24.52,89.72,6.28,147.42,banana
64.33,46.71,48.02,29.01,90.0,6.0,258.27,rice
100.01,49.45,59.29,33.7,85.8,7.39,181.41,sugarcane
48.51,42.38,34.48,23.74,38.46,6.99,37.24,pulses
75.84,41.82,37.15,26.04,95.19,7.02,230.25,rice
70.28,44.83,64.32,31.41,69.21,5.93,142.62,coconut
101.48,50.55,57.37,31.6,68.8,7.37,256.6,sugarcane
77.94,55.86,44.48,22.91,50.85,7.37,85.82,maize
72.17,47.23,53.38,26.76,60.07,7.38,80.84,cotton
59.57,40.41,45.21,32.91,57.7,7.53,69.4,cotton
55.71,36.22,33.38,24.16,48.04,7.53,77.84,millets
38.71,54.09,31.27,28.43,64.84,6.97,40.19,pulses
51.59,48.01,35.96,17.91,43.08,7.27,35.51,pulses
71.71,51.18,40.37,29.46,78.9,6.08,261.43,rice
30.92,60.55,39.04,28.44,47.76,6.93,94.89,pulses
101.31,51.9,51.83,31.03,85.19,7.18,150.64,sugarcane
57.68,43.76,32.79,20.16,61.23,6.52,76.47,maize
79.82,39.29,45.8,22.56,88.39,6.82,300.79,rice
56.05,36.09,26.1,32.27,62.78,7.9,63.34,pulses
45.4,42.78,38.21,22.52,71.04,7.17,67.96,pulses
63.03,48.68,26.26,28.91,57.1,6.55,52.61,maize
77.6,51.35,38.12,27.18,72.78,6.49,162.4,rice
79.15,47.83,45.11,26.18,81.63,6.4,175.18,rice
54.03,40.5,52.94,35.79,54.75,6.72,49.17,cotton
82.7,55.53,35.97,32.61,63.26,7.07,38.23,maize
32.55,50.04,30.18,31.95,56.84,6.45,79.44,pulses
65.02,42.22,59.91,31.73,52.89,7.71,65.06,cotton
87.85,45.93,67.2,29.37,81.86,6.59,109.2,sugarcane
55.38,43.99,48.86,21.05,72.29,7.68,91.98,groundnut
53.74,29.99,37.17,23.44,44.01,6.86,84.36,pulses
50.64,56.28,35.84,25.39,76.23,7.29,65.41,groundnut
45.86,55.62,38.5,26.2,72.89,7.03,73.18,groundnut
51.26,47.84,33.84,30.49,61.78,6.97,53.5,pulses
79.79,36.22,36.14,27.21,84.27,6.7,209.55,rice
47.96,56.13,35.64,33.34,52.45,7.58,71.73,groundnut
81.12,56.26,67.04,21.55,76.92,6.17,138.66,banana
60.95,51.85,43.47,24.74,50.44,6.75,91.01,maize
93.37,39.49,52.37,22.15,81.93,6.4,186.69,sugarcane
71.62,44.58,73.93,35.24,83.84,5.86,257.55,coconut
35.75,49.83,46.33,19.0,48.01,6.67,90.64,pulses
52.28,49.69,53.41,27.99,55.04,6.83,105.21,cotton
70.9,54.81,26.2,24.28,73.28,7.02,85.09,maize
83.07,34.77,29.29,25.51,65.81,7.28,94.43,maize
72.25,42.66,44.65,28.1,90.42,6.46,185.04,rice
32.31,57.38,26.5,30.33,51.66,7.01,100.35,groundnut
54.27,49.72,30.3,25.12,65.46,6.73,82.47,maize
49.05,34.85,39.91,28.3,54.79,7.57,33.64,pulses
38.85,59.58,43.79,29.76,48.54,6.81,41.12,groundnut
72.44,54.75,36.89,21.64,89.89,6.93,179.43,rice
40.44,50.51,30.33,26.94,57.08,6.52,114.63,pulses
68.77,49.27,29.53,31.69,52.51,6.59,82.97,maize
57.96,24.65,54.33,23.41,39.86,7.02,38.77,millets
71.18,35.77,30.86,21.61,81.27,6.84,234.54,rice
58.56,41.38,32.19,18.08,60.0,7.04,102.12,pulses
51.08,42.6,47.73,32.37,55.5,7.36,49.56,groundnut
87.74,41.06,22.04,22.39,57.57,6.86,97.57,maize
89.01,37.27,40.46,30.97,79.02,6.38,130.92,rice
50.05,59.32,28.85,23.81,53.59,6.81,103.53,groundnut
46.62,30.85,51.39,25.18,45.39,6.89,20,millets
66.74,43.18,47.74,30.69,67.03,6.8,63.5,cotton
69.5,46.2,38.19,21.34,70.14,6.72,119.66,maize
68.55,51.95,62.59,32.93,74.87,6.38,76.16,cotton
84.32,51.76,34.58,21.87,68.3,6.67,80.06,maize
76.62,44.23,45.47,30.57,91.13,6.01,200.7,rice
66.09,39.2,34.28,25.44,57.57,6.13,76.51,millets
42.57,48.17,32.27,24.32,67.81,7.56,88.43,pulses
84.12,52.85,45.0,30.98,81.96,6.85,229.83,rice
82.13,53.89,35.34,24.22,52.06,6.64,78.58,maize
34.46,55.66,24.3,19.3,50.81,7.0,35.15,pulses
44.41,29.23,39.05,27.09,58.01,6.48,37.38,millets
35.1,42.33,43.58,22.35,63.23,7.07,62.21,pulses
63.1,53.19,44.92,18.48,61.01,6.66,62.72,maize
83.75,45.28,33.13,33.28,68.24,7.08,119.41,maize
95.89,45.94,59.1,26.01,78.05,6.31,163.99,banana
82.27,46.85,35.27,20.68,92.08,6.42,310.76,rice
103.75,53.33,64.53,31.25,77.56,7.06,197.81,sugarcane
84.32,58.25,59.38,31.8,67.05,6.34,126.2,banana
79.84,51.16,38.12,31.13,73.1,7.37,114.44,maize
78.65,44.9,32.53,28.01,85.53,6.46,191.63,rice
44.22,30.46,30.67,29.18,43.56,7.0,87.33,millets
83.72,49.56,38.98,31.36,80.9,6.61,274.84,rice
81.63,38.42,43.89,23.88,87.99,6.85,292.37,rice
68.45,41.88,40.5,28.04,89.83,6.85,365.07,rice
78.56,49.42,40.7,27.01,70.21,5.92,96.4,maize
42.72,57.03,39.96,23.47,42.02,7.64,84.37,pulses
81.79,42.71,33.35,19.87,58.26,7.52,134.46,maize
49.19,56.32,43.5,28.79,57.98,6.8,131.44,cotton
83.27,50.9,42.03,29.78,86.81,7.17,159.45,rice
42.81,43.46,36.46,35.73,53.61,7.66,71.09,groundnut
63.62,54.63,26.75,23.24,62.09,7.48,112.11,maize
49.48,38.71,48.48,33.05,63.69,6.46,59.77,millets
98.2,60.31,71.46,23.68,67.31,6.0,176.97,banana
54.82,37.03,34.63,32.5,66.08,6.66,53.3,pulses
51.82,43.83,41.24,35.77,69.29,6.87,74.5,cotton
105.67,44.62,59.2,32.01,83.21,6.58,110.53,sugarcane
79.9,53.24,41.01,24.13,77.15,6.88,240.1,rice
58.21,58.78,40.54,29.51,75.4,6.94,47.2,groundnut
49.87,44.83,52.46,26.3,62.13,6.85,76.69,cotton
57.84,44.57,37.85,22.11,39.05,6.08,26.15,millets
32.6,38.63,52.29,27.38,70.26,6.5,117.48,groundnut
80.01,51.91,37.02,29.65,79.19,6.04,271.2,rice
34.51,46.44,48.46,28.53,63.08,6.84,53.1,groundnut
61.01,29.71,33.68,23.03,38.09,6.94,41.67,millets
64.4,51.07,43.15,31.62,96.79,6.32,342.5,rice
36.41,51.42,34.64,30.25,62.76,7.59,45.89,pulses
72.95,58.4,37.96,26.1,72.0,7.14,77.14,maize
63.36,40.09,40.73,23.6,38.01,7.73,63.61,millets
39.94,53.5,44.82,26.04,73.38,6.3,80.42,groundnut
80.38,47.91,28.12,30.16,51.77,6.28,112.9,maize
77.1,55.18,34.01,31.8,61.28,7.2,162.0,maize
78.52,50.09,42.75,22.5,75.09,6.03,122.25,rice
45.57,47.68,60.23,30.91,56.83,6.92,73.23,cotton
72.16,50.13,44.4,19.5,73.63,7.13,91.45,maize
75.9,54.51,52.79,34.83,50.09,6.7,84.37,cotton
69.1,42.29,42.15,26.29,78.55,6.26,208.51,rice
79.05,44.0,45.48,30.42,96.42,6.33,285.67,rice
58.87,46.43,33.23,31.01,61.9,6.04,93.67,maize
32.88,51.41,42.2,24.17,43.26,7.26,39.71,pulses
82.36,45.92,33.95,31.29,59.27,6.65,89.96,maize
50.01,43.99,38.33,30.9,44.26,7.01,29.48,pulses
71.06,47.91,56.95,23.09,64.25,6.42,128.35,cotton
40.43,51.6,31.88,26.93,45.85,6.33,82.78,pulses
87.11,48.04,44.32,30.32,80.15,6.65,258.84,rice
94.38,50.41,57.85,31.81,75.74,6.8,162.04,sugarcane
37.56,53.65,32.56,28.47,50.5,7.93,54.24,pulses
56.77,45.76,53.44,31.73,48.89,6.52,86.63,cotton
81.93,46.7,41.1,25.0,77.29,6.87,356.2,rice
49.13,32.87,27.87,28.27,63.77,7.7,100.88,millets
59.76,59.03,48.14,23.02,63.77,7.08,77.16,maize
90.31,46.98,36.36,30.82,79.08,6.42,237.06,rice
77.1,54.81,36.51,28.42,84.72,6.45,130.71,rice
75.35,38.43,45.14,31.1,91.67,6.19,258.19,rice
60.21,28.92,34.29,23.97,58.99,7.54,61.31,pulses
44.71,44.16,40.77,31.2,70.04,6.87,49.22,groundnut
68.12,50.35,52.7,23.89,61.35,6.5,129.86,cotton
42.9,54.54,38.32,20.53,46.41,7.06,90.58,pulses
97.69,53.58,65.01,22.99,72.8,7.52,193.6,sugarcane
65.78,51.34,44.06,19.16,59.5,7.13,137.09,maize
70.64,42.64,31.31,22.12,76.84,7.2,159.22,maize
54.96,37.16,30.25,27.47,49.89,6.92,46.11,pulses
38.38,54.22,48.09,30.77,61.89,7.11,47.4,groundnut
60.3,52.41,31.22,31.49,63.56,6.8,89.42,maize
64.53,30.3,55.65,21.78,60.68,6.52,65.83,millets
50.79,41.95,49.08,24.77,49.51,6.18,33.75,millets
77.24,43.23,39.33,31.6,53.53,6.28,120.96,maize
65.35,49.02,56.02,24.01,61.71,6.97,74.43,cotton
80.46,41.38,48.19,25.27,92.55,7.11,305.55,rice
42.34,52.02,34.92,27.85,63.9,6.42,49.85,pulses
65.51,50.93,51.27,29.61,93.21,7.15,234.67,rice
41.02,56.89,35.08,26.25,44.69,6.48,40.19,pulses
45.09,41.7,44.26,19.9,39.6,7.64,43.58,millets
53.62,27.04,36.84,27.0,50.01,7.41,88.24,millets
25.74,54.51,43.58,22.57,56.29,7.43,40.55,pulses
91.59,54.72,51.05,34.56,69.08,7.03,135.37,sugarcane
56.64,56.79,35.63,18.78,65.92,7.21,106.95,maize
54.25,34.47,42.6,20.95,57.15,6.31,95.26,millets
61.07,40.21,58.05,29.47,53.61,7.25,144.18,cotton
80.69,50.3,36.02,23.52,81.2,6.95,361.22,rice
76.09,36.66,42.26,19.99,93.76,7.02,270.84,rice
43.43,50.82,61.91,18.96,83.36,5.66,169.15,coffee
53.89,44.51,26.63,24.65,38.68,6.82,42.34,pulses
77.14,39.83,40.43,33.47,57.66,6.72,114.34,maize
58.87,47.61,26.73,32.06,62.97,6.29,36.94,maize
45.61,47.47,26.42,20.14,72.88,6.83,35.46,pulses
77.09,48.62,42.09,33.51,61.53,6.09,86.89,maize
56.01,42.36,34.75,26.87,48.04,7.54,27.22,pulses
59.88,46.59,39.87,19.6,67.0,7.09,90.56,millets
72.2,39.82,45.43,23.81,87.58,6.53,257.02,rice
30.75,43.46,25.69,26.18,59.84,6.87,95.03,pulses
38.36,41.22,28.19,31.81,77.96,7.3,87.61,groundnut
114.52,54.8,69.19,23.3,79.85,6.48,164.88,banana
39.66,37.33,42.1,35.85,46.73,7.45,48.34,millets
88.57,40.54,33.66,27.65,61.48,7.29,96.86,maize
68.92,43.36,47.87,24.81,72.73,6.21,137.68,rice
68.38,39.08,51.28,19.92,78.21,6.29,300.6,rice
59.47,53.5,32.54,22.84,71.58,6.26,114.74,maize
31.35,49.99,36.93,29.7,57.18,7.12,115.55,groundnut
69.31,45.67,37.4,27.32,64.84,6.77,58.12,maize
40.58,38.5,44.08,25.76,71.28,7.34,56.2,pulses
83.0,55.74,56.62,35.23,75.78,7.03,128.64,sugarcane
85.77,35.49,26.6,27.79,73.12,7.25,148.82,maize
46.67,38.3,38.59,30.68,65.2,6.94,72.57,pulses
39.03,57.68,42.1,31.9,59.28,7.44,124.7,groundnut
60.33,60.52,60.41,33.35,65.67,7.42,93.02,cotton
88.29,49.3,36.12,30.48,79.37,6.4,185.35,rice
52.31,29.95,35.29,35.87,43.59,7.56,36.7,millets
31.04,42.91,51.6,34.12,43.01,6.69,32.95,millets
71.32,47.56,41.93,20.47,57.48,6.73,126.86,maize
57.87,41.29,43.63,31.96,54.91,7.26,45.55,pulses
83.09,50.07,42.48,30.02,86.67,6.09,283.56,rice
50.6,40.74,70.09,24.93,92.58,5.57,268.68,coconut
43.07,51.81,27.85,33.65,51.99,7.2,80.14,groundnut
72.57,45.29,51.46,32.93,68.48,7.16,208.73,sugarcane
80.23,53.58,37.02,26.87,50.9,7.27,56.34,maize
56.47,27.71,35.28,37.78,56.53,6.21,53.97,millets
98.62,45.4,59.97,30.39,70.76,6.77,88.36,banana
72.12,42.31,39.19,32.34,77.53,6.25,166.07,maize
40.2,43.15,55.61,23.66,77.46,6.48,310.77,coffee
82.38,38.93,44.27,30.25,82.88,6.88,258.71,rice
81.81,43.17,39.99,27.84,74.77,7.03,176.42,rice
63.26,55.46,29.22,19.17,61.89,7.49,110.49,maize
85.43,42.45,35.45,29.98,87.17,6.61,253.92,rice
69.31,40.97,46.0,36.56,73.66,7.35,85.16,sugarcane
47.82,48.42,53.95,25.09,46.09,7.58,122.8,cotton
57.25,31.38,52.69,25.08,61.53,6.09,59.4,millets
84.27,39.97,47.85,22.46,83.03,6.4,191.98,sugarcane
77.08,51.54,33.38,20.99,47.19,6.73,66.53,maize
67.31,53.44,41.01,26.97,79.85,6.09,322.83,rice
82.09,43.37,39.08,27.61,77.22,6.47,110.27,rice
81.13,50.92,52.48,22.07,68.33,7.47,161.73,sugarcane
62.68,52.02,60.11,33.1,53.72,7.1,65.08,cotton
26.38,39.98,41.59,19.03,43.81,6.83,82.61,pulses
73.57,42.58,48.34,24.48,74.9,6.9,134.43,sugarcane
77.62,59.29,46.34,23.2,70.72,6.25,78.67,maize
65.01,52.41,58.63,29.99,70.11,6.7,152.02,cotton
34.16,45.22,45.06,21.68,47.61,7.62,133.2,pulses
86.1,49.53,39.87,31.29,81.22,6.95,206.0,rice
51.4,48.65,64.14,32.62,69.29,7.24,72.65,cotton
86.93,45.4,45.08,27.3,87.9,7.13,305.98,rice
84.73,39.15,39.25,21.64,85.12,6.32,382.21,rice
75.24,55.13,41.22,30.22,94.62,6.85,281.47,rice
35.08,37.81,44.09,29.03,50.64,6.14,77.23,millets
72.12,39.67,41.59,25.89,84.95,6.26,300.93,rice
52.23,46.04,28.31,34.35,72.04,6.54,57.85,groundnut
22.73,50.35,32.26,20.95,57.02,6.44,84.66,pulses
67.03,49.96,47.27,24.0,55.45,6.88,45.75,maize
86.46,52.08,43.18,26.37,88.36,6.27,270.95,rice
69.69,43.88,39.01,30.93,81.39,6.08,302.5,rice
53.18,46.39,76.16,30.94,86.64,6.09,178.36,coconut
60.32,38.18,46.68,23.99,40.83,7.06,53.86,millets
44.13,59.97,42.12,22.93,67.02,7.42,42.37,groundnut
48.79,44.75,38.51,30.5,34.7,6.85,26.77,millets
54.62,27.3,47.12,31.63,34.47,7.57,36.69,millets
37.79,35.06,31.7,29.68,44.49,6.97,121.84,pulses
49.23,26.5,46.61,30.41,45.89,7.65,39.81,millets
48.33,63.32,62.95,14.27,69.87,6.2,303.56,coffee
58.05,41.41,57.28,32.38,69.99,7.48,77.65,cotton
72.52,42.13,50.92,27.08,90.79,6.02,365.15,rice
42.13,51.36,33.38,31.37,70.01,6.56,76.71,pulses
43.21,40.32,32.43,31.31,75.19,6.83,128.69,groundnut
84.87,48.14,47.8,25.61,89.94,6.18,347.11,rice
44.15,56.95,31.04,21.97,69.06,7.53,61.57,groundnut
35.23,43.06,35.72,25.54,60.77,7.12,115.24,groundnut
73.43,44.32,32.48,27.53,92.31,6.47,374.46,rice
66.61,36.96,40.66,30.34,73.78,6.86,123.65,maize
84.31,50.62,35.83,27.35,82.6,6.46,154.98,rice
81.63,40.24,42.6,27.41,88.27,6.9,234.4,rice
48.18,39.98,62.96,28.67,53.47,7.53,101.88,cotton
61.42,29.94,41.38,24.64,48.75,6.85,55.04,millets
54.03,55.05,51.37,29.92,63.89,6.51,79.2,cotton
45.59,33.56,48.75,32.73,36.87,7.52,67.51,millets
72.03,55.68,42.88,27.59,59.08,6.48,122.53,maize
38.8,43.63,48.0,22.86,63.81,7.03,116.04,groundnut
88.09,43.93,50.6,26.99,92.03,6.82,276.53,rice
75.46,48.38,44.32,24.74,90.96,6.08,218.44,rice
60.78,54.36,52.43,24.91,60.72,7.32,132.58,cotton
65.87,38.27,51.17,24.78,61.98,7.69,52.53,millets
81.01,40.82,48.52,26.72,68.58,7.5,57.2,maize
48.74,56.93,30.9,34.49,49.63,7.26,75.87,groundnut
72.6,49.53,55.24,25.81,65.61,6.68,129.77,cotton
51.6,50.52,33.7,30.67,68.59,6.19,44.64,pulses
59.81,42.24,48.27,33.03,43.06,7.65,66.67,millets
83.41,44.27,37.51,30.32,83.68,6.06,387.4,rice
58.96,53.97,52.53,31.46,53.43,6.85,93.77,cotton
78.21,40.84,40.69,29.94,82.91,6.64,194.16,rice
89.17,47.17,41.84,27.56,71.07,7.07,151.33,rice
50.85,45.78,87.61,24.58,72.11,7.14,186.69,coconut
70.19,43.03,57.82,35.05,64.76,7.58,94.44,cotton
52.68,41.03,38.69,32.44,61.51,6.35,51.82,millets
46.2,38.19,41.98,20.11,55.13,7.12,85.27,pulses
32.93,43.21,40.94,28.83,54.41,7.54,70.96,groundnut
59.6,38.05,81.21,32.38,62.8,6.59,175.56,coconut
97.22,56.21,55.43,33.99,86.08,6.95,153.28,sugarcane
56.48,54.38,34.67,18.32,68.22,7.04,92.19,maize
61.53,59.39,51.46,31.77,65.55,6.63,87.11,cotton
48.59,30.74,47.49,32.47,51.52,7.16,64.65,millets
51.04,43.37,29.61,24.65,55.6,6.38,68.83,groundnut
38.78,47.95,36.91,33.69,43.98,6.45,61.87,pulses
66.89,57.4,61.97,35.99,51.82,7.04,72.94,cotton
50.8,57.64,36.29,30.29,55.29,7.15,40.7,groundnut
68.66,55.6,32.91,25.49,73.15,7.43,61.56,maize
85.72,37.78,36.65,25.65,97.28,6.23,314.39,rice
71.3,41.82,40.25,21.81,94.69,6.48,297.23,rice
37.08,54.47,29.35,19.25,62.53,7.63,99.88,pulses
98.53,44.55,39.72,22.6,77.05,6.98,192.72,rice
40.05,39.21,43.81,24.54,71.17,7.39,82.57,pulses
62.58,55.26,60.91,31.18,62.35,7.01,150.35,cotton
35.79,31.99,31.63,23.07,62.94,6.15,58.24,millets
55.62,33.13,41.5,24.6,46.3,7.6,47.1,millets
60.51,45.94,27.77,25.47,69.33,7.4,81.67,maize
39.95,38.54,39.72,26.98,46.4,6.21,59.85,pulses
37.79,49.15,48.2,24.81,57.0,6.81,51.79,groundnut
51.68,40.78,43.01,19.71,61.07,6.6,129.28,pulses
76.58,47.46,44.9,22.43,70.49,6.67,174.61,rice
40.59,32.56,48.56,25.36,55.74,6.93,84.63,millets
82.66,45.77,35.07,25.46,68.87,6.3,175.29,rice
29.83,46.02,50.11,24.62,68.67,7.51,111.84,groundnut
42.7,48.99,59.06,25.88,61.36,7.48,81.91,cotton
96.93,59.3,59.02,22.19,66.52,6.26,108.85,sugarcane
49.08,36.85,37.45,20.7,45.97,7.65,82.87,pulses
58.33,44.86,48.76,30.32,51.22,7.02,40.64,millets
92.97,45.08,70.9,21.11,69.34,6.05,264.66,banana
73.5,51.28,62.02,28.58,49.29,7.42,72.05,cotton
82.39,41.49,35.86,20.86,79.22,6.62,226.37,rice
66.86,50.6,89.88,23.68,76.52,6.89,156.45,coconut
76.87,44.73,43.48,28.93,97.66,6.35,255.01,rice
28.5,53.91,36.72,27.61,58.54,7.2,52.42,groundnut
41.37,50.67,40.53,31.82,45.81,7.25,85.58,pulses
64.2,45.09,36.59,26.01,68.9,7.14,132.56,cotton
84.71,50.56,42.75,25.72,88.08,6.88,324.68,rice
51.8,56.91,65.29,24.96,67.18,6.34,79.7,cotton
41.34,46.99,71.4,15.21,86.41,5.39,281.4,coffee
47.11,45.19,43.82,29.73,61.52,7.13,63.27,groundnut
85.38,42.93,48.33,25.37,71.38,6.8,153.36,rice
42.14,48.79,37.18,34.53,64.02,7.55,30.74,pulses
71.04,50.64,37.82,21.98,85.08,6.32,197.95,rice
37.74,41.96,32.57,29.64,51.44,6.57,66.22,groundnut
72.22,44.6,46.14,27.89,90.62,7.23,217.04,rice
46.74,46.35,64.99,23.15,57.36,7.1,127.4,cotton
94.62,49.89,35.19,26.9,92.56,6.71,323.26,rice
88.27,47.32,34.56,30.43,70.87,6.11,159.53,rice
48.33,44.49,39.15,20.22,65.03,6.53,55.16,groundnut
72.39,43.07,40.85,30.57,81.36,6.65,120.45,rice
55.23,23.38,42.51,32.38,31.37,7.06,30.78,millets
75.52,50.83,40.0,30.1,52.31,6.51,94.18,maize
33.21,52.2,41.3,27.44,43.04,7.08,102.68,pulses
77.64,47.3,38.21,26.35,73.95,6.21,150.66,rice
49.4,49.38,56.93,27.32,59.88,7.21,90.91,cotton
66.66,34.82,40.82,33.56,55.33,7.33,86.65,maize
44.55,44.92,26.48,29.86,63.68,6.79,62.28,millets
60.28,50.51,52.61,28.62,42.63,6.94,61.46,cotton
83.7,39.16,33.66,28.94,81.23,6.8,198.47,rice
32.68,49.23,39.06,27.87,60.06,7.07,45.31,pulses
42.84,42.78,46.08,36.33,56.04,6.59,99.12,millets
81.84,43.4,38.68,25.37,87.53,7.0,264.24,sugarcane
68.91,54.37,41.63,34.22,56.25,6.44,46.21,maize
60.17,45.19,63.63,23.44,57.07,7.34,91.7,cotton
36.96,38.74,41.01,25.17,35.42,6.88,47.52,millets
82.6,39.74,41.43,19.52,69.07,6.59,42.68,maize
79.95,58.1,31.45,20.21,60.23,6.64,133.93,maize
49.06,41.59,47.89,31.74,47.17,6.81,128.77,cotton
37.65,40.65,34.83,26.47,69.03,6.99,121.56,pulses
49.83,51.69,37.39,20.0,71.54,6.37,54.52,pulses
36.57,29.93,53.19,32.81,50.26,6.23,53.5,millets
49.1,40.42,38.25,32.7,60.17,7.52,36.04,millets
55.72,42.45,42.4,31.02,51.5,7.89,92.18,pulses
62.36,50.26,58.71,33.23,47.72,7.59,127.58,cotton
77.63,44.26,36.6,23.69,72.88,6.84,189.81,rice
44.24,50.19,41.14,23.1,62.38,6.83,114.32,groundnut
31.94,60.07,32.65,30.55,41.73,6.87,50.87,pulses
61.64,40.36,47.2,27.2,41.34,7.34,42.19,millets
48.61,58.18,31.14,21.86,52.21,6.5,93.95,groundnut
45.86,40.44,43.8,20.82,66.75,7.54,72.6,pulses
55.02,54.85,49.87,26.2,58.68,6.42,82.31,pulses
83.8,38.34,60.58,21.33,65.64,6.75,189.56,sugarcane
70.77,50.01,26.01,28.36,61.2,7.08,76.85,maize
75.31,46.28,30.7,24.26,52.9,7.31,88.12,maize
86.74,51.64,45.07,22.72,88.5,7.13,138.2,sugarcane
73.56,45.5,36.54,23.83,95.29,6.34,360.21,rice
44.15,38.59,36.05,30.1,69.38,7.69,98.64,pulses
87.39,50.02,39.11,22.24,76.31,6.36,277.67,rice
44.94,39.61,41.1,26.43,60.79,7.44,40.59,pulses
37.52,49.97,34.51,23.44,69.48,6.33,63.02,groundnut
50.02,32.17,39.32,30.04,51.18,7.61,67.5,millets
36.8,45.54,45.44,35.53,40.9,6.5,31.13,millets
43.8,47.59,29.09,24.18,75.66,6.56,53.87,groundnut
50.2,58.01,41.25,21.11,65.0,7.09,46.65,pulses
46.54,36.52,46.78,29.84,49.61,6.61,65.08,pulses
44.66,54.29,38.44,20.74,48.46,6.77,36.09,pulses
64.76,40.76,40.37,31.44,94.78,6.47,319.77,rice
80.31,53.63,43.32,28.59,74.87,6.72,188.99,rice
57.59,52.6,54.39,25.64,60.48,7.26,117.86,cotton
80.61,47.87,37.81,26.57,85.94,6.21,218.03,rice
60.1,46.94,56.83,36.02,56.61,7.02,90.8,cotton
49.99,34.89,39.69,24.07,40.04,7.55,50.11,pulses
60.76,44.77,48.06,30.92,59.83,7.15,110.33,cotton
70.51,48.86,50.85,25.3,90.72,6.37,348.6,rice
32.43,48.15,33.87,27.33,57.65,7.56,62.74,pulses
36.76,33.36,52.31,20.86,41.28,6.98,55.7,millets
88.92,38.93,46.72,27.46,93.19,6.54,226.65,rice
53.97,41.37,40.28,24.03,65.96,7.25,87.77,pulses
28.63,42.13,40.81,33.2,58.96,7.28,96.1,groundnut
33.48,42.19,39.07,30.88,50.73,6.24,66.78,millets
68.67,38.48,57.95,30.39,45.86,7.18,66.53,cotton
68.04,44.85,40.24,31.68,60.25,7.12,92.7,maize
79.75,42.82,40.63,23.72,78.86,6.08,182.25,rice
39.63,65.56,41.56,31.53,69.2,6.83,51.93,groundnut
79.66,51.96,42.16,24.39,54.05,6.09,82.6,maize
106.78,39.07,61.44,22.31,67.36,7.29,187.56,sugarcane
72.7,41.57,42.5,22.06,68.99,6.39,103.35,maize
69.76,42.7,36.38,30.12,80.99,6.39,238.55,rice
40.38,53.13,36.61,30.73,48.77,7.17,31.09,pulses
85.63,40.71,50.74,29.32,94.19,5.92,278.1,rice
30.7,55.5,35.89,24.0,53.87,6.77,101.71,pulses
63.35,55.1,33.27,19.95,46.21,6.53,55.98,maize
81.48,48.85,31.12,20.89,78.96,6.55,180.75,rice
63.92,36.13,45.41,27.43,59.63,6.23,102.16,maize
31.59,55.34,28.79,22.33,59.49,7.69,34.3,pulses
81.68,53.87,48.36,22.0,89.63,6.92,191.87,rice
75.33,55.61,35.39,20.86,56.28,7.57,168.2,maize
66.7,44.74,41.57,19.59,58.45,7.06,89.15,maize
69.06,48.8,36.62,26.32,80.53,6.88,240.61,rice
73.73,43.79,35.82,29.9,55.49,7.17,59.23,maize
48.19,37.84,43.76,25.68,40.08,6.35,77.17,millets
67.28,40.03,44.34,25.31,64.9,6.93,58.26,maize
65.88,46.81,38.82,28.8,55.58,7.27,71.81,millets
54.54,42.29,47.57,23.27,57.44,7.51,82.54,groundnut
82.64,42.51,54.83,31.58,62.51,7.0,121.11,sugarcane
74.28,50.53,42.76,27.55,76.04,7.41,123.29,maize
89.44,43.55,39.43,26.71,80.69,6.97,266.36,rice
47.87,56.54,44.03,30.48,59.55,7.51,92.85,pulses
35.43,44.97,37.43,32.93,68.1,6.42,84.4,groundnut
51.4,48.9,37.88,26.79,55.51,6.96,122.73,pulses
54.74,35.19,32.0,21.82,57.59,6.84,47.33,pulses
67.14,48.72,31.38,17.51,58.63,6.21,151.53,maize
76.52,50.47,48.24,29.85,86.83,6.23,251.91,banana
65.54,49.83,46.3,32.16,79.63,5.99,218.45,rice
85.09,44.33,29.58,25.27,77.98,6.57,146.38,maize
60.41,39.97,92.31,24.4,75.41,5.97,309.88,coconut
74.04,53.52,44.4,34.78,68.33,6.48,144.8,sugarcane
56.91,37.59,34.81,35.1,48.77,6.52,61.49,millets
60.65,45.11,64.12,26.92,47.55,6.48,130.47,cotton
59.38,44.66,55.39,24.11,69.53,6.38,155.17,cotton
98.83,59.63,59.98,20.24,73.11,7.14,208.95,banana
71.06,50.74,64.4,24.46,66.31,7.15,87.43,cotton
50.39,34.83,35.85,27.9,66.19,7.42,46.42,millets
60.89,39.34,46.19,35.55,40.5,7.29,49.14,millets
39.54,54.18,39.39,26.67,55.11,6.55,54.2,pulses
26.97,52.52,30.3,31.33,45.19,7.0,31.26,pulses
83.4,54.28,47.47,23.54,88.63,7.17,259.09,rice
87.03,51.03,65.0,34.96,66.43,7.06,134.6,sugarcane
35.88,39.13,51.84,21.4,33.02,6.76,46.15,millets
76.3,49.83,38.67,21.43,91.22,6.58,337.12,rice
52.93,51.19,36.26,26.67,51.81,7.84,60.81,pulses
47.36,48.94,40.01,27.98,39.42,7.24,38.38,pulses
62.76,27.56,35.81,28.92,54.67,6.49,46.19,millets
79.93,47.67,35.57,30.06,81.11,6.64,266.69,rice
84.08,39.72,58.17,33.99,74.12,6.79,147.32,sugarcane
83.87,51.58,34.14,21.62,53.84,6.8,127.9,maize
63.32,49.91,40.16,27.13,87.27,6.21,312.51,rice
55.41,42.21,47.19,34.83,50.09,7.37,80.54,cotton
38.24,30.52,39.61,24.72,58.47,7.4,41.31,millets
46.21,41.76,53.54,23.72,55.96,7.12,61.1,cotton
49.33,43.48,36.44,29.15,69.51,7.55,74.15,groundnut
65.84,46.26,39.94,21.81,55.03,7.09,51.49,millets
82.52,38.28,45.17,24.7,87.09,6.92,296.24,rice
34.9,39.75,41.4,21.71,55.55,6.99,63.71,groundnut
34.13,46.36,34.15,27.28,59.31,6.54,102.41,pulses
37.79,39.38,33.61,18.26,51.29,6.39,118.13,pulses
38.55,42.28,43.37,30.09,35.73,7.04,75.65,millets
73.12,44.73,46.06,21.71,85.87,6.53,206.82,rice
55.37,58.17,47.76,26.98,58.87,7.11,113.3,cotton
35.78,62.62,32.66,24.38,62.87,6.92,74.35,groundnut
57.51,39.9,55.6,24.65,56.46,6.82,89.88,cotton
55.06,47.43,59.76,24.45,62.92,7.62,80.18,cotton
51.33,41.02,41.91,35.26,57.13,7.5,71.22,millets
42.25,51.25,43.47,33.15,49.59,7.25,81.68,pulses
79.81,43.56,39.05,27.32,91.95,6.87,344.62,rice
51.46,45.08,63.84,29.56,54.67,7.08,78.8,cotton
57.77,47.29,60.03,29.3,58.74,6.69,55.28,cotton
47.13,58.22,46.17,25.58,67.71,7.59,31.99,groundnut
74.15,35.85,27.71,25.97,90.99,6.04,333.56,rice
66.17,48.44,48.8,24.52,75.78,6.04,194.24,rice
44.26,39.54,34.4,28.26,41.64,6.44,53.06,pulses
81.84,40.98,49.48,27.46,68.27,7.25,108.29,maize
66.77,49.19,51.64,27.8,53.78,6.31,99.82,cotton
81.52,39.42,48.86,26.2,81.82,6.57,187.69,rice
78.81,51.41,35.16,28.95,63.05,7.17,125.82,maize
70.77,54.11,47.71,20.33,71.62,6.61,106.57,maize
65.14,54.39,44.23,22.06,69.33,6.76,127.23,maize
44.24,47.35,43.17,33.05,69.67,7.7,135.18,pulses
92.47,55.88,45.59,22.63,67.86,7.06,149.34,banana
82.05,41.32,47.61,26.71,81.63,6.35,221.42,rice
39.32,47.0,36.77,30.07,54.38,6.94,109.5,pulses
85.43,44.71,32.85,29.47,72.08,6.25,200.68,rice
53.42,38.27,28.89,29.17,51.11,6.42,81.29,maize
89.3,37.48,31.63,29.05,82.98,6.83,288.79,rice
43.99,45.91,27.44,21.86,50.77,7.2,75.59,pulses
45.93,56.0,32.64,29.65,51.42,6.45,34.08,pulses
59.88,37.95,52.62,19.46,48.64,7.22,85.07,millets
50.43,31.18,36.29,32.03,41.72,7.17,66.64,millets
92.44,54.47,63.79,32.21,81.8,6.34,151.96,sugarcane
86.43,46.02,49.71,24.62,78.51,6.4,286.78,rice
89.25,50.03,53.63,33.08,65.53,7.0,129.7,sugarcane
80.14,54.13,31.6,29.77,77.45,6.68,62.38,maize
70.74,49.79,41.2,28.0,68.7,7.02,58.21,maize
78.81,52.83,31.76,24.44,54.52,7.38,108.88,maize
45.61,40.63,49.32,34.09,42.85,7.5,77.74,millets
32.17,47.61,24.21,27.31,56.96,6.56,79.44,pulses
41.86,36.02,40.13,27.97,44.24,6.43,48.93,pulses
87.98,55.39,50.47,25.37,80.43,7.46,288.79,sugarcane
42.49,36.71,31.43,33.54,48.6,7.72,33.86,pulses
68.9,54.51,33.28,19.23,51.05,6.43,87.11,maize
91.11,38.84,52.25,31.19,82.37,6.32,247.29,rice
56.22,53.87,89.26,24.11,76.15,6.02,315.33,coconut
62.89,57.25,60.79,27.36,64.27,7.31,57.13,cotton
31.57,46.04,37.42,25.57,50.74,6.62,72.47,millets
40.2,41.85,39.58,28.34,46.66,7.49,40.27,millets
63.23,42.21,60.93,22.01,53.57,6.92,139.83,cotton
71.84,38.95,81.72,28.18,86.58,6.65,138.94,coconut
77.34,55.43,41.73,31.97,77.39,7.47,164.67,sugarcane
40.3,59.67,71.21,20.43,75.42,5.29,143.25,coffee
70.25,41.5,42.07,22.08,82.5,7.01,192.28,rice
70.78,43.82,40.92,27.25,60.76,6.47,63.06,cotton
76.92,52.23,30.59,20.56,59.09,6.65,163.13,maize
104.25,48.81,43.64,27.05,73.95,7.14,79.54,sugarcane
42.15,30.36,35.91,21.32,65.14,6.55,74.89,millets
32.2,43.29,33.76,19.53,57.78,7.84,50.4,millets
48.64,51.36,29.46,20.81,69.45,6.48,69.92,groundnut
82.07,57.71,43.35,27.84,87.96,7.27,282.26,sugarcane
33.24,38.98,40.88,33.18,47.26,6.39,51.49,millets
51.31,42.87,32.66,28.51,48.32,7.52,95.23,pulses
93.39,49.43,32.91,29.16,84.14,6.35,198.24,rice
26.76,44.77,44.12,24.21,67.66,6.63,69.64,groundnut
42.88,54.4,29.72,26.33,50.4,7.07,69.7,pulses
29.63,49.19,28.09,22.88,52.93,7.45,79.51,pulses
56.51,45.78,35.77,26.72,62.41,6.62,136.42,maize
47.31,53.58,46.91,26.15,43.9,6.51,50.75,cotton
57.71,50.1,53.62,30.77,68.88,6.36,98.59,cotton
50.89,37.35,28.13,23.9,42.39,7.63,62.86,pulses
52.77,43.24,59.38,28.21,57.22,7.37,149.07,cotton
27.18,50.15,29.79,30.23,60.41,7.49,105.97,groundnut
77.9,42.88,42.21,21.21,84.75,6.88,233.83,rice
62.34,55.9,46.18,24.83,59.43,6.3,70.82,cotton
76.56,48.37,47.8,26.22,70.05,6.69,129.28,sugarcane
69.79,54.33,56.74,36.32,67.32,6.58,103.63,cotton
73.05,46.46,48.85,29.08,88.7,6.49,292.02,rice
65.28,51.87,63.69,22.83,63.74,7.28,99.83,cotton
86.03,53.97,41.99,19.84,50.69,6.38,91.53,maize
30.22,52.9,43.34,30.14,56.67,7.44,104.92,pulses
88.1,43.64,49.68,28.44,76.25,6.08,301.3,rice
68.08,56.1,45.01,32.24,65.3,7.64,90.64,cotton
63.37,41.55,51.38,24.01,80.21,6.8,218.73,rice
78.38,44.29,49.95,25.18,69.74,6.97,108.11,sugarcane
63.9,41.5,36.79,21.35,74.69,6.52,139.45,rice
70.96,54.92,59.04,28.17,59.6,7.49,90.94,cotton
45.69,36.72,43.62,33.28,43.13,6.39,65.08,millets
62.42,49.4,37.94,23.04,59.31,6.85,32.0,pulses
81.56,50.65,40.08,31.95,91.63,6.42,272.23,rice
75.09,46.11,44.67,32.84,57.88,6.73,61.62,maize
40.7,55.45,34.15,21.81,67.77,6.98,50.81,pulses
36.46,42.62,33.13,23.65,41.89,7.4,52.63,millets
34.1,58.7,42.13,21.14,61.63,7.6,20.55,pulses
48.72,48.07,64.71,31.3,47.74,6.81,105.97,cotton
45.37,34.77,55.16,28.4,36.97,7.17,93.78,millets
77.22,35.57,31.46,24.92,90.32,7.18,243.07,rice
67.14,42.8,38.41,28.39,90.91,5.99,265.99,rice
87.14,40.11,33.89,22.32,79.34,6.8,300.55,rice
59.17,37.26,50.53,28.08,42.07,6.5,69.67,millets
76.72,49.01,38.59,26.81,68.25,7.52,79.44,maize
96.37,40.26,41.44,19.29,88.65,6.49,217.44,rice
63.5,53.18,37.95,33.1,59.34,7.07,72.98,maize
83.8,48.82,46.01,28.76,86.54,6.94,138.24,rice
55.97,43.51,52.51,32.27,57.21,6.8,101.89,cotton
78.02,44.27,43.36,27.13,77.2,6.64,109.19,maize
43.24,60.77,33.8,22.61,69.26,7.36,100.02,groundnut
76.95,41.74,39.04,30.78,81.82,6.44,282.16,rice
53.82,30.44,46.22,27.14,42.32,6.76,60.56,millets
81.71,48.34,37.02,24.81,76.37,5.84,285.03,rice
24.82,39.54,46.47,23.9,55.85,7.56,61.83,pulses
40.49,29.56,33.32,35.35,38.76,7.02,25.88,millets
62.04,52.59,62.14,30.84,72.53,6.91,145.52,cotton
78.62,45.37,30.84,26.92,63.5,6.72,96.9,maize
35.84,50.53,49.71,24.89,59.83,6.24,62.01,groundnut
68.13,48.52,40.56,28.95,60.76,7.24,120.8,maize
85.29,52.46,30.45,19.13,64.99,7.57,159.17,maize
60.1,48.02,52.77,29.66,46.51,7.58,35.23,millets
75.62,58.75,46.73,32.56,58.76,6.8,72.08,maize
63.98,49.18,45.6,31.89,65.98,6.83,114.24,cotton
91.06,50.68,35.89,18.97,81.57,6.71,362.97,rice
47.23,42.97,49.17,31.12,51.48,6.26,72.01,pulses
39.13,51.25,35.26,28.25,51.01,6.8,96.62,pulses
79.9,44.8,39.5,25.43,81.52,6.7,159.42,rice
84.04,38.1,34.42,30.78,61.41,7.48,112.4,maize
54.33,53.33,61.72,34.93,48.81,6.73,137.27,cotton
109.44,43.73,49.61,25.19,73.53,6.74,170.1,banana
62.13,32.64,40.69,23.92,50.3,7.93,30.7,millets
54.63,45.68,40.11,22.71,52.95,6.67,37.7,millets
56.81,35.31,27.98,18.91,58.95,6.93,116.16,pulses
70.67,48.12,39.3,31.2,63.71,6.69,52.47,maize
88.64,45.12,40.1,28.95,67.97,6.49,124.83,sugarcane
84.04,48.13,45.24,21.95,85.18,6.04,132.9,rice
47.26,65.06,40.51,27.84,71.14,7.04,118.64,groundnut
78.55,51.09,43.74,23.25,71.19,6.58,198.25,rice
74.19,52.81,47.04,20.55,69.91,6.57,127.53,maize
98.26,49.32,47.23,23.82,72.73,6.31,166.7,sugarcane
62.79,51.96,45.96,31.84,58.27,7.55,51.16,cotton
54.04,36.94,43.76,28.49,69.0,7.01,42.52,pulses
88.33,53.28,33.81,21.32,86.69,6.8,272.84,rice
38.84,46.33,44.33,32.05,65.48,7.5,68.4,groundnut
49.27,50.99,41.71,25.65,70.84,6.93,79.17,pulses
38.06,37.7,37.19,29.48,55.75,6.93,49.56,millets
71.21,45.93,51.54,30.83,79.71,6.89,226.43,rice
74.16,47.49,46.57,23.74,59.7,6.85,95.98,maize
74.47,46.72,33.3,29.11,78.23,6.59,133.01,maize
73.9,36.12,46.67,26.65,50.4,7.56,126.44,cotton
53.75,42.87,59.75,29.88,54.08,7.46,141.08,cotton
86.38,43.57,44.65,26.85,82.13,6.44,155.28,sugarcane
79.3,44.94,31.1,21.49,54.36,6.88,131.54,maize
88.51,50.44,50.2,27.65,81.79,6.48,214.66,rice
60.47,47.39,33.99,29.3,66.58,7.52,74.93,maize
43.37,42.14,52.13,32.05,51.42,7.34,20,millets
110.7,53.52,54.08,30.78,70.6,7.21,80.77,sugarcane
68.33,45.9,35.26,29.75,73.99,6.61,114.56,maize
37.96,38.37,38.69,28.15,43.71,7.46,96.35,pulses
69.8,50.03,35.32,33.09,58.28,6.66,79.56,maize
44.3,50.66,34.07,29.02,61.07,6.88,30.33,pulses
64.81,45.5,56.48,24.39,69.29,7.01,130.03,cotton
67.34,46.41,47.63,26.04,72.92,6.93,154.74,rice
57.62,54.59,59.2,35.35,55.8,6.58,113.76,cotton
43.12,32.39,41.09,34.8,49.03,6.26,28.39,millets
69.87,49.47,53.69,28.01,59.67,6.81,92.23,cotton
75.36,49.75,49.28,27.65,58.6,6.88,34.64,cotton
86.76,50.36,41.13,26.29,86.31,6.1,197.83,banana
48.35,45.87,35.75,23.01,51.91,7.45,56.56,millets
54.99,49.83,59.26,16.61,82.32,5.73,201.68,coffee
50.87,43.17,42.4,25.8,64.73,6.89,65.17,groundnut
62.04,46.24,52.32,28.77,59.21,6.54,54.6,millets
65.53,53.73,55.07,33.05,63.92,7.77,92.42,cotton
78.42,45.56,47.22,21.49,82.88,6.83,239.03,rice
63.05,52.18,45.32,35.73,51.32,6.79,110.43,cotton
80.51,44.95,28.28,31.02,62.1,7.18,100.99,maize
78.36,55.52,43.0,28.0,77.07,7.39,100.39,sugarcane
74.38,37.75,35.05,22.54,78.19,6.24,201.8,rice
36.69,41.69,42.42,19.72,46.65,7.01,54.83,pulses
42.94,37.3,31.43,21.12,39.59,7.09,33.78,millets
80.48,46.28,34.45,22.98,80.15,6.65,135.94,rice
84.88,56.15,52.43,37.53,71.28,6.81,77.62,sugarcane
85.84,47.72,42.08,22.26,79.14,6.25,172.83,rice
56.52,40.37,61.37,27.55,55.34,7.33,141.24,cotton
68.09,46.92,40.05,26.37,47.24,6.65,59.44,maize
53.38,40.71,47.44,27.92,44.11,7.49,81.52,cotton
38.82,48.1,38.55,31.07,53.54,7.57,110.68,millets
80.61,40.65,44.99,23.28,79.95,6.1,302.7,rice
64.14,37.63,51.08,36.63,50.97,7.71,76.09,cotton
28.12,41.65,38.33,29.24,61.59,7.66,70.61,pulses
45.25,33.05,46.23,28.97,63.66,7.66,103.7,millets
55.47,38.54,40.03,27.23,63.2,6.97,45.4,pulses
67.49,54.2,27.35,24.84,64.88,6.64,71.49,maize
33.94,52.13,41.24,29.33,63.33,7.16,88.57,groundnut
49.62,45.6,33.31,27.46,46.09,6.55,69.97,pulses
56.63,32.61,52.59,22.56,59.12,6.23,96.24,millets
67.96,37.29,34.13,25.05,87.98,6.13,286.64,rice
32.58,54.51,33.31,30.01,62.06,6.69,67.01,pulses
60.14,36.14,48.29,26.91,55.86,7.49,76.14,millets
76.21,41.52,47.02,24.07,90.68,6.59,377.06,rice
83.87,50.29,73.11,21.65,64.45,6.13,197.78,banana
100.1,52.35,50.97,28.41,70.58,6.78,222.99,sugarcane
50.98,55.29,40.85,23.86,64.3,6.85,92.75,groundnut
55.84,52.36,58.24,32.03,59.23,7.38,84.4,cotton
69.35,53.16,26.16,28.91,62.05,6.66,133.53,maize
103.97,42.62,51.1,20.83,94.28,6.76,316.92,banana
47.09,41.09,48.17,21.9,55.0,6.61,50.76,millets
50.91,41.76,46.05,24.1,66.52,6.61,71.54,maize
43.54,30.35,30.41,27.16,66.0,6.55,73.64,millets
51.09,48.03,55.78,33.01,56.96,6.73,151.99,cotton
97.03,58.08,55.08,27.35,69.41,7.24,217.18,sugarcane
79.25,52.52,55.57,26.68,73.15,7.35,162.16,sugarcane
51.15,45.35,35.84,31.5,56.58,7.58,74.25,pulses
89.08,36.78,64.53,21.21,62.57,7.16,115.04,sugarcane
71.12,46.55,37.28,26.04,80.66,5.98,181.23,rice
59.68,37.36,33.63,32.04,49.75,6.98,80.65,pulses
50.6,39.79,40.17,25.7,47.4,7.77,54.07,millets
35.55,42.5,38.32,19.09,44.91,6.3,113.38,pulses
88.03,39.38,37.47,26.78,81.5,6.62,173.96,rice
65.89,44.32,62.03,31.48,44.58,6.67,57.96,cotton
83.0,42.66,43.48,34.54,73.93,6.57,137.2,sugarcane
33.3,41.88,25.21,23.42,46.54,6.79,22.65,pulses
77.13,49.32,46.63,32.39,76.28,6.41,183.99,sugarcane
48.68,39.74,51.22,35.79,52.06,6.81,64.49,cotton
50.55,40.39,43.4,23.96,48.96,7.59,43.19,groundnut
48.31,63.68,43.39,36.19,66.59,7.19,27.09,groundnut
45.47,44.5,41.24,23.13,56.27,7.42,39.46,millets
48.05,58.96,30.35,27.72,49.91,6.58,46.55,groundnut
50.93,43.03,42.14,25.12,64.73,7.51,96.92,pulses
81.25,53.86,33.24,27.98,49.19,6.84,68.63,maize
59.49,53.46,62.43,26.62,61.58,6.87,121.76,cotton
36.87,52.23,51.3,29.03,65.71,7.15,66.03,groundnut
74.09,46.19,44.51,20.28,90.79,6.48,259.18,rice
50.33,41.91,62.29,36.77,50.51,6.5,60.18,cotton
42.94,50.67,27.6,23.0,57.43,7.33,54.03,groundnut
74.1,36.26,36.37,29.84,62.14,7.19,72.06,maize
53.27,36.65,47.44,24.45,56.53,7.44,148.87,cotton
82.89,42.73,44.32,29.73,84.51,6.54,297.93,rice
52.96,45.27,84.66,24.25,76.07,5.61,298.99,coconut
86.57,52.11,64.67,28.14,73.66,6.75,194.91,sugarcane
81.23,41.19,42.4,24.69,88.1,6.33,298.62,rice
38.51,36.72,32.72,20.84,50.87,7.68,51.95,millets
78.24,43.55,40.09,21.16,85.44,6.11,312.43,rice
70.67,49.57,38.94,23.76,81.86,6.5,177.52,rice
99.29,41.82,55.68,33.27,69.8,7.35,75.4,sugarcane
55.37,41.75,46.12,34.58,41.75,7.11,51.74,millets
54.42,43.87,36.68,28.88,65.2,7.39,82.98,millets
85.24,40.62,36.46,23.81,49.97,6.18,109.45,maize
81.5,40.52,45.34,33.32,89.47,6.98,149.32,sugarcane
48.7,41.77,50.44,33.84,54.17,6.57,35.07,pulses
84.24,42.52,46.63,20.5,88.56,6.9,261.87,rice
86.84,42.14,34.28,24.94,79.91,6.62,285.78,rice
71.96,50.06,41.87,25.98,52.64,7.0,54.92,maize
91.32,40.73,40.49,25.34,86.16,7.03,221.77,rice
93.63,50.97,56.17,26.48,70.76,7.37,149.35,sugarcane
71.14,42.85,36.84,24.58,70.29,6.82,83.32,maize
100.66,64.62,65.02,23.52,62.73,6.85,124.4,banana
53.61,57.99,51.99,30.66,58.74,7.07,75.56,cotton
52.53,35.45,40.35,25.78,74.24,6.78,127.81,pulses
85.69,47.26,39.46,32.12,77.98,6.81,135.36,rice
77.15,51.19,40.89,27.16,75.5,6.21,217.49,rice
68.07,51.24,59.86,28.85,68.25,7.47,76.84,cotton
38.17,45.01,29.48,32.16,37.36,7.76,40.39,pulses
36.78,41.09,34.18,19.17,60.45,6.5,46.47,pulses
40.23,55.79,52.34,28.76,51.88,7.42,43.3,groundnut
48.03,37.95,49.66,30.27,42.9,6.83,77.93,millets
41.06,50.93,32.57,34.03,55.03,7.22,64.15,groundnut
39.03,54.42,42.81,21.43,61.61,7.03,65.22,pulses
78.54,47.31,39.42,26.51,94.07,6.41,313.07,rice
59.65,54.11,55.05,27.92,61.21,7.54,121.12,cotton
53.22,45.68,37.68,21.86,66.46,6.9,80.55,groundnut
72.17,44.79,47.32,32.42,66.13,6.73,94.65,sugarcane
71.12,43.02,50.14,30.62,61.76,6.4,102.44,cotton
27.87,58.45,34.71,21.01,56.61,6.67,27.99,pulses
61.26,37.82,30.73,27.35,53.39,7.04,84.58,millets
50.72,50.67,47.7,30.29,38.14,7.1,105.06,millets
67.57,37.61,70.2,32.33,73.49,7.22,220.62,coconut
32.54,51.99,42.51,31.8,68.69,6.46,113.64,groundnut
82.94,56.52,29.7,22.06,57.96,6.87,143.44,maize
65.32,39.9,24.49,30.67,66.42,7.43,123.55,maize
59.88,38.71,39.58,25.26,51.85,6.52,80.09,pulses
75.99,41.84,43.82,22.05,77.06,6.46,175.14,rice
65.68,54.1,48.55,21.67,72.36,6.11,188.15,rice
46.54,48.75,51.74,21.03,61.38,6.45,77.72,millets
47.57,54.51,45.56,34.17,68.41,6.67,46.73,pulses
88.27,50.09,50.97,21.4,78.33,6.5,269.82,rice
74.55,45.86,49.93,28.76,94.81,6.67,270.54,rice
102.12,44.25,57.49,32.27,78.86,7.02,227.44,sugarcane
95.41,48.23,47.7,34.52,80.66,6.73,193.06,sugarcane
50.84,52.4,25.37,32.82,46.49,7.64,89.3,pulses
25.32,45.33,44.07,25.68,63.06,7.2,122.79,pulses
109.52,48.31,57.53,35.24,67.69,7.33,149.24,sugarcane
45.69,52.96,49.31,34.06,61.71,7.23,49.78,groundnut
69.35,41.69,22.49,27.76,79.91,6.14,125.05,maize
88.13,48.16,42.08,27.18,79.42,6.59,327.22,rice
76.2,59.07,46.14,34.17,49.99,7.31,68.71,maize
44.46,34.56,37.49,23.08,56.78,6.98,104.53,millets
53.76,45.27,31.89,30.21,50.17,7.87,67.07,pulses
45.13,46.3,30.86,29.64,67.3,6.52,58.5,pulses
53.17,42.75,60.09,22.35,50.5,7.6,72.7,millets
70.06,40.94,36.6,30.61,75.45,6.36,155.77,rice
107.36,37.34,46.15,33.74,76.93,6.7,109.7,sugarcane
73.48,46.94,41.18,23.09,95.39,6.81,252.55,rice
50.05,42.8,43.03,24.88,60.54,6.83,34.92,pulses
57.79,48.86,58.37,24.29,58.33,6.79,73.48,cotton
89.42,48.89,46.34,31.56,89.53,7.05,248.1,rice
40.24,52.55,24.24,30.11,46.95,6.2,44.07,pulses
55.42,49.48,50.16,32.41,64.0,6.18,116.27,cotton
65.0,26.16,49.59,35.26,51.88,6.43,76.41,millets
57.37,39.13,57.17,33.55,72.48,7.11,83.44,cotton
55.82,47.58,41.25,27.37,41.83,6.64,50.97,millets
48.73,32.23,36.57,32.69,46.29,6.36,85.25,pulses
84.07,56.32,40.3,29.94,56.65,6.82,125.52,maize
81.65,48.88,58.63,31.15,84.07,6.32,137.56,sugarcane
63.42,43.3,89.92,31.56,78.83,5.91,276.47,coconut
39.87,40.77,43.36,33.87,59.88,6.63,99.14,pulses
84.06,38.95,42.74,27.12,84.14,5.84,138.81,rice
33.2,55.58,36.1,25.5,57.33,7.14,25.53,pulses
77.98,36.23,44.27,24.33,77.15,6.59,238.78,rice
63.57,47.21,92.62,33.46,87.0,6.09,275.67,coconut
44.27,36.98,55.9,33.43,51.89,6.58,46.38,millets
39.65,45.31,53.46,14.91,92.33,6.52,320.44,coffee
39.22,53.38,40.41,30.43,40.95,6.98,84.99,pulses
49.98,39.26,45.37,28.9,66.56,7.11,89.3,groundnut
44.77,46.28,51.59,27.6,59.51,6.67,128.34,cotton
56.26,34.18,42.87,29.48,64.49,6.7,45.9,millets
66.76,55.1,36.02,33.32,66.46,6.99,49.15,maize
68.18,60.52,32.82,30.62,63.97,7.45,113.68,maize
79.91,49.09,46.03,22.32,78.09,5.96,273.51,rice
36.15,40.92,36.3,33.16,39.09,7.46,47.59,pulses
88.39,46.93,52.99,26.99,74.52,6.66,137.48,sugarcane
50.66,35.9,46.62,26.71,63.07,7.63,34.55,millets
84.2,56.79,45.5,31.54,87.37,6.91,277.46,sugarcane
85.96,56.62,43.75,20.96,80.5,6.82,193.31,rice
77.79,46.37,45.86,32.7,82.24,6.61,144.05,rice
48.89,36.8,39.38,26.48,58.88,7.18,28.01,pulses
48.25,34.39,37.53,35.13,60.22,6.37,62.22,millets
54.12,41.46,54.49,30.26,61.37,6.96,58.52,millets
47.01,27.52,33.73,28.81,60.73,7.62,100.43,millets
91.79,44.22,61.53,22.38,83.28,7.41,119.2,sugarcane
79.19,38.64,46.22,25.87,86.96,6.95,328.36,rice
51.69,55.58,35.44,28.3,69.84,6.87,95.57,pulses
45.92,40.2,39.7,30.64,44.68,6.51,75.51,millets
70.05,54.5,33.43,28.66,54.42,7.3,123.98,maize
44.6,51.79,61.37,33.88,51.84,7.27,86.15,cotton
75.61,42.99,39.29,28.55,67.25,6.61,81.82,maize
44.44,48.84,36.17,23.26,49.27,6.72,55.48,pulses
74.96,42.05,41.76,21.13,91.1,7.01,343.48,rice
71.79,53.14,45.17,30.77,87.54,6.75,358.37,rice
60.95,42.45,50.72,28.34,57.06,6.68,54.3,cotton
63.33,56.99,47.52,29.58,54.18,6.68,110.56,cotton
44.73,63.05,44.97,34.01,76.23,7.61,85.93,groundnut
79.56,49.9,39.86,28.72,78.86,6.55,273.11,rice
51.46,39.26,45.83,34.05,48.41,7.68,46.37,cotton
80.92,41.65,60.26,22.37,73.73,7.33,144.88,sugarcane
69.65,42.06,31.17,19.96,72.83,7.32,82.87,maize
90.45,39.48,44.24,25.62,82.91,6.18,339.4,rice
43.2,38.45,31.29,19.25,64.06,6.53,64.14,pulses
75.71,54.17,33.82,24.61,74.94,6.01,130.72,rice
33.32,44.61,47.47,23.27,59.05,7.26,56.36,millets
97.97,47.04,40.11,22.83,82.8,7.27,150.83,sugarcane
89.94,40.86,48.06,27.06,73.34,6.28,158.77,rice
34.54,59.33,37.28,22.58,71.28,7.66,126.86,groundnut
56.51,40.08,53.54,33.49,46.53,7.94,31.02,millets
45.08,55.89,65.62,34.52,54.53,7.1,115.39,cotton
35.0,23.13,37.08,23.44,45.51,6.28,67.91,millets
33.45,44.98,38.6,29.8,45.3,6.71,115.75,pulses
101.1,43.54,62.24,34.48,79.23,6.53,121.74,sugarcane
68.48,46.69,40.28,22.62,75.64,6.74,148.91,rice
85.09,47.55,26.5,18.41,57.42,6.65,89.41,maize
75.55,46.14,34.48,24.12,90.93,5.95,335.62,rice
32.82,58.51,24.48,19.4,49.08,7.28,66.22,pulses
69.71,47.74,49.54,24.03,69.5,7.34,91.63,cotton
56.65,42.52,42.83,21.21,66.44,6.39,75.62,millets
77.91,40.39,41.39,25.37,92.4,7.13,249.02,rice
71.63,55.43,50.45,28.65,63.61,6.23,47.45,cotton
59.58,37.22,46.81,36.77,43.03,6.64,82.31,cotton
47.7,57.57,42.35,26.81,47.71,6.76,65.05,pulses
55.13,37.77,34.93,37.59,50.42,6.86,28.74,millets
77.22,51.48,34.82,21.43,56.41,6.37,138.17,maize
57.94,28.01,44.48,25.16,59.3,7.37,56.14,millets
61.82,45.49,50.49,33.37,51.17,6.51,54.11,groundnut
35.72,54.09,36.0,34.21,75.0,7.05,73.71,groundnut
60.9,40.4,43.52,32.67,69.63,7.47,69.88,maize
69.83,51.98,34.75,29.94,80.93,6.24,181.56,rice
66.41,45.74,58.61,31.08,55.86,7.22,164.4,cotton
52.25,34.33,28.92,26.1,42.95,7.16,83.15,millets
62.29,44.24,56.88,30.1,54.94,7.16,143.05,cotton
42.35,59.38,43.34,33.76,62.23,7.27,69.31,groundnut
69.08,49.44,47.09,28.32,91.02,6.36,278.82,rice
79.68,42.4,45.0,28.66,85.72,6.42,141.77,rice
70.73,52.6,54.26,30.23,54.82,6.84,104.29,cotton
69.49,44.16,46.43,28.31,52.89,7.62,142.76,cotton
76.57,57.16,63.34,33.41,51.58,7.51,62.49,cotton
77.69,50.65,41.29,27.3,78.3,6.25,355.7,rice
76.68,52.59,38.19,24.8,83.74,7.2,214.45,rice
84.46,45.28,47.44,30.48,78.43,6.93,115.46,rice
54.99,43.25,52.31,22.54,78.74,5.6,165.68,coffee
50.71,50.97,62.53,31.09,57.08,6.44,82.94,cotton
35.24,56.21,41.82,21.17,52.83,6.83,56.65,pulses
31.74,52.27,30.1,26.36,62.39,7.18,46.17,pulses
45.23,51.05,39.78,30.72,51.39,6.98,71.63,groundnut
54.85,47.67,42.66,33.25,54.72,6.95,60.25,pulses
88.03,56.45,51.08,29.12,88.42,6.63,160.93,sugarcane
70.9,52.13,38.2,31.62,91.35,6.51,369.23,rice
106.48,49.8,56.74,21.47,72.62,6.08,171.41,banana
32.35,57.88,31.45,30.22,71.01,6.8,72.29,groundnut
72.36,46.43,24.97,28.61,69.53,6.06,131.73,maize
89.74,51.52,42.83,24.36,96.26,6.43,351.14,rice
61.06,48.23,42.18,23.57,88.52,6.54,219.37,rice
84.32,56.32,43.57,34.12,61.02,6.38,155.63,sugarcane
29.06,35.31,39.99,25.88,47.19,6.89,58.81,pulses
73.95,42.91,48.43,27.44,72.41,6.52,192.87,rice
56.93,32.31,37.63,25.13,62.23,6.31,79.47,millets
72.13,37.76,40.05,24.1,89.65,6.35,330.26,rice
72.21,53.75,48.97,25.05,83.96,6.82,245.03,rice
55.61,41.35,33.19,29.97,55.49,7.47,65.7,pulses
82.85,40.86,48.0,24.46,87.58,6.1,278.46,rice
85.09,48.27,44.11,25.85,79.79,6.99,191.41,rice
41.21,37.44,30.73,33.03,68.39,6.38,122.03,groundnut
97.84,40.55,54.02,22.58,70.76,6.81,250.08,sugarcane
59.38,45.1,34.25,22.57,61.41,7.71,53.28,millets
80.68,49.28,52.58,28.44,93.41,6.78,375.22,rice
83.63,42.65,46.11,29.7,70.17,6.89,161.62,sugarcane
59.95,36.76,49.26,22.97,35.67,7.37,30.32,millets
72.44,59.63,41.6,24.45,61.61,7.02,60.28,maize
69.71,48.79,40.9,27.41,88.61,6.75,231.16,rice
90.22,43.53,35.06,32.16,70.41,6.37,209.33,rice
89.82,51.28,44.17,28.76,72.42,6.54,173.75,rice
78.18,53.9,53.57,22.68,81.19,7.28,133.78,sugarcane
46.27,38.9,52.57,34.84,55.74,6.35,142.03,cotton
77.61,54.86,48.74,29.23,61.62,6.34,83.82,maize
62.58,45.88,37.14,24.06,58.65,6.52,105.27,pulses
94.0,40.59,32.84,30.26,84.69,6.18,299.81,rice
45.64,36.26,50.46,24.66,42.82,6.36,27.94,pulses
38.87,62.82,49.98,14.0,71.97,5.47,219.44,coffee
81.69,50.14,41.86,32.75,64.08,7.38,89.97,maize
69.74,48.75,57.54,27.08,40.69,6.6,84.16,cotton
81.96,49.24,55.27,24.55,84.57,7.73,200.82,sugarcane
39.55,55.59,33.07,20.08,67.83,7.13,54.96,pulses
60.2,42.78,34.34,19.55,55.75,6.37,54.62,maize
99.69,44.91,50.94,28.76,70.95,6.52,108.7,sugarcane
48.61,46.88,46.06,26.2,38.2,6.47,80.05,millets
90.19,55.99,46.73,26.64,79.14,7.41,153.62,sugarcane
60.87,42.86,43.94,23.42,56.0,6.63,67.56,millets
65.68,52.73,47.08,30.38,52.72,6.98,56.16,cotton
89.71,51.55,47.92,26.36,86.9,6.32,380.74,rice
73.39,56.29,47.63,36.06,69.89,7.47,91.0,sugarcane
84.84,44.8,31.06,18.7,61.62,6.86,147.23,maize
68.93,53.62,54.44,27.52,76.3,6.29,309.64,rice
36.84,52.63,30.19,22.72,58.38,7.3,59.45,pulses
69.34,47.82,51.51,27.97,62.73,6.71,84.96,cotton
77.53,46.78,42.59,22.34,51.62,7.5,75.13,maize
85.45,39.93,45.89,24.24,86.72,5.93,320.47,rice
51.85,50.6,63.99,31.6,59.57,6.72,93.27,cotton
65.77,47.95,48.69,25.67,62.49,6.66,100.6,cotton
60.6,37.76,32.87,34.42,41.82,6.24,34.66,millets
73.79,55.19,28.9,31.11,61.42,7.52,91.77,maize
51.5,60.37,47.3,34.71,67.38,6.34,40.43,groundnut
65.57,56.43,29.58,22.71,71.55,6.28,111.24,maize
59.56,43.43,38.75,25.45,57.69,7.54,40.69,pulses
61.64,41.27,52.55,27.1,43.38,7.74,82.29,millets
39.93,40.21,45.92,28.03,53.01,7.78,112.26,millets
32.52,47.39,40.15,28.9,51.14,7.44,72.02,pulses
78.22,50.82,31.53,27.12,63.18,6.61,95.69,maize
53.07,37.45,27.21,26.6,52.16,7.3,78.87,pulses
66.02,41.2,95.39,23.8,85.45,6.43,205.34,coconut
46.77,39.97,26.32,33.21,47.22,6.69,61.74,pulses
49.15,59.25,29.51,30.01,54.75,7.0,48.43,groundnut
56.9,43.81,31.88,31.68,57.68,7.74,83.96,pulses
61.24,31.21,32.5,35.12,44.15,6.29,44.81,millets
51.8,39.08,41.88,23.33,67.86,6.95,90.24,pulses
29.09,50.66,40.78,18.78,46.86,7.49,61.58,pulses
42.07,42.19,46.65,20.78,42.24,6.66,59.47,pulses
47.23,50.02,29.16,30.67,57.31,6.3,56.6,pulses
53.38,39.24,43.62,33.36,53.06,6.99,44.23,cotton
80.82,53.92,37.86,29.73,86.99,7.25,322.96,rice
41.52,44.97,37.27,24.8,55.41,7.58,60.49,pulses
53.5,50.86,35.96,28.81,71.31,6.31,74.49,groundnut
69.9,48.46,39.3,23.12,87.06,6.7,147.4,rice
36.7,51.09,44.19,31.93,56.26,7.42,74.16,groundnut
91.5,63.09,48.56,21.22,98.21,6.04,159.03,banana
99.39,43.65,66.72,30.76,78.98,6.9,252.22,sugarcane
47.23,39.94,30.15,27.03,57.8,7.21,85.88,pulses
87.87,36.18,39.29,24.3,88.8,6.42,237.71,rice
76.25,51.51,44.39,27.81,85.71,6.3,294.54,rice
89.74,44.85,28.72,22.1,68.83,6.62,69.73,maize
62.29,33.6,53.17,27.64,52.98,7.05,48.5,millets
58.54,53.73,46.21,32.42,62.06,7.52,130.58,cotton
55.42,56.37,60.35,32.83,49.31,6.94,124.97,cotton
51.94,33.87,55.45,25.17,41.59,6.8,69.72,millets
54.05,44.11,52.06,30.29,64.98,6.35,53.8,cotton
68.22,47.0,64.68,26.74,51.75,7.58,111.24,cotton
44.31,33.73,37.64,22.47,46.1,6.39,28.97,millets
56.05,42.07,53.17,30.72,62.07,6.59,169.58,cotton
71.84,57.56,56.71,33.24,61.3,6.4,102.42,cotton
74.59,43.22,39.85,21.53,49.66,7.01,108.41,maize
77.27,55.02,38.64,29.31,59.14,6.5,115.31,maize
68.23,47.94,26.86,23.33,57.41,6.76,58.77,maize
47.71,50.23,30.93,29.79,49.76,7.1,39.45,pulses
40.0,56.01,30.46,28.96,54.59,7.03,80.3,pulses
63.06,47.36,41.32,32.2,56.24,7.44,104.63,maize
105.77,54.5,43.94,30.26,69.28,7.37,216.56,sugarcane
59.86,56.79,52.77,30.65,55.44,6.88,93.07,cotton
66.05,49.78,86.48,28.78,76.06,6.77,101.7,coconut
37.36,57.91,32.16,24.76,61.29,7.16,103.92,groundnut
67.71,42.78,61.87,24.17,54.49,6.84,125.23,cotton
41.21,33.67,37.11,21.35,44.05,7.67,51.42,millets
43.31,39.96,39.7,23.79,38.3,6.24,33.64,pulses
75.25,34.06,65.43,32.96,88.25,6.02,190.75,coconut
32.86,49.53,40.89,31.74,51.81,6.59,116.09,pulses
32.03,34.62,37.51,31.05,41.71,7.41,40.65,millets
88.75,41.79,28.47,23.43,59.01,6.49,95.74,maize
61.34,40.09,46.51,26.04,63.36,6.99,112.67,cotton
76.51,57.41,36.43,17.99,51.89,6.94,69.81,maize
62.73,56.0,60.48,28.23,54.87,7.06,80.77,cotton
55.4,30.77,42.05,28.92,48.01,6.35,53.44,millets
41.15,48.27,28.81,23.5,52.48,7.64,54.12,pulses
73.05,48.72,37.5,22.21,79.32,6.44,355.74,rice
93.88,45.13,57.11,21.54,84.44,6.32,235.62,sugarcane
53.52,46.36,35.92,27.48,49.18,7.58,54.46,pulses
76.34,53.03,48.29,35.55,43.26,6.31,55.68,cotton
104.12,56.5,40.9,21.26,83.54,6.84,261.49,banana
72.48,51.34,61.94,24.35,73.52,7.67,233.57,sugarcane
67.67,54.5,50.93,33.07,42.13,7.21,61.91,cotton
49.19,46.39,49.16,34.13,36.64,6.32,44.76,millets
77.28,51.06,44.51,31.48,81.59,6.79,169.57,rice
45.91,34.51,51.31,23.59,43.55,6.68,75.96,millets
60.62,44.96,52.6,35.54,53.57,6.52,85.9,millets
25.58,39.79,46.38,23.91,46.2,7.27,109.22,pulses
82.88,45.28,48.81,27.28,63.68,7.43,122.98,maize
62.35,41.25,52.06,29.86,77.96,6.51,251.61,rice
83.78,51.07,42.13,21.66,85.43,6.52,252.85,rice
55.93,51.8,42.04,29.03,65.52,7.08,79.8,cotton
55.83,42.38,54.25,32.54,65.78,7.6,146.19,cotton
55.2,55.66,49.1,22.63,60.07,6.25,85.43,groundnut
32.95,55.58,30.33,27.26,54.09,7.15,64.93,pulses
53.34,44.69,64.85,29.82,52.54,7.49,83.05,cotton
81.02,52.71,45.86,28.34,76.97,7.32,90.91,sugarcane
40.68,52.97,44.82,33.48,54.16,7.24,74.67,pulses
72.78,44.09,38.16,19.99,65.13,6.56,154.94,maize
75.54,42.47,48.93,23.68,74.9,7.07,174.44,rice
100.53,61.19,52.73,33.56,70.98,7.2,217.85,banana
85.45,47.84,44.1,22.93,73.1,6.91,131.03,rice
88.47,46.6,41.35,22.28,67.8,6.99,125.73,sugarcane
37.09,38.06,31.12,29.11,42.97,7.69,46.28,millets
55.85,50.65,30.65,19.28,72.21,7.11,68.16,pulses
91.68,51.4,38.3,26.01,79.49,6.29,274.92,rice
86.76,49.34,39.32,30.77,84.78,6.65,223.07,rice
36.86,39.96,44.7,33.1,52.82,5.86,32.22,millets
84.8,39.05,39.97,30.98,76.52,6.4,195.31,rice
91.43,54.34,47.95,29.88,75.75,6.6,284.95,rice
35.32,44.57,44.9,30.9,56.19,7.38,77.51,millets
85.41,50.15,63.72,21.37,82.34,7.29,243.09,sugarcane
82.84,39.42,48.22,27.64,75.74,6.65,203.91,rice
70.05,56.89,30.65,28.85,69.85,6.58,83.38,maize
62.18,45.93,37.16,22.16,85.05,6.72,225.71,rice
89.56,46.04,34.25,20.59,74.96,6.43,198.82,rice
69.65,41.56,56.12,26.78,90.68,5.9,284.31,rice
39.96,49.59,41.51,34.16,60.17,6.92,50.06,pulses
103.87,55.21,52.26,23.93,69.89,7.38,174.91,sugarcane
51.62,47.23,43.92,31.78,46.95,6.75,70.47,millets
81.69,55.45,62.86,31.1,76.28,6.85,289.46,sugarcane
50.69,49.96,43.92,31.93,58.09,6.47,78.64,cotton
57.15,43.98,35.54,27.87,55.12,7.81,24.16,millets
53.92,37.87,66.86,33.58,60.59,6.16,69.54,cotton
48.03,47.47,48.1,21.94,71.04,7.44,57.15,groundnut
31.62,46.93,43.36,27.22,55.59,6.54,88.72,pulses
94.39,50.38,49.41,33.03,75.6,6.77,140.57,sugarcane
70.46,49.12,45.23,21.31,84.11,7.07,359.28,rice
37.22,43.49,45.36,28.88,57.15,7.69,55.94,millets
63.61,50.41,58.19,29.15,61.41,6.47,94.15,cotton
78.2,48.17,43.86,29.69,89.25,6.79,317.64,rice
45.43,38.3,34.65,25.17,59.24,6.8,36.8,groundnut
45.42,35.86,44.9,26.67,48.21,7.16,60.61,millets
100.67,38.66,59.96,31.27,67.93,6.45,109.09,sugarcane
58.82,48.36,37.73,27.71,68.04,6.9,80.24,maize
50.81,51.0,42.37,23.33,63.36,7.8,46.7,pulses
54.28,55.66,49.29,27.5,55.75,7.21,51.94,cotton
94.94,54.75,43.43,21.27,87.17,6.46,238.82,rice
81.81,51.76,56.46,29.93,82.62,6.47,155.8,banana
33.55,43.84,56.86,35.78,49.43,6.79,40.83,millets
65.63,46.0,38.44,26.49,62.85,6.65,156.41,cotton
52.64,56.11,48.6,25.72,71.03,7.41,63.61,cotton
53.49,41.06,40.83,24.16,71.87,7.45,107.99,groundnut
88.48,48.59,41.6,23.82,83.55,6.21,263.25,rice
84.19,43.45,64.38,31.41,73.89,6.54,104.81,sugarcane
43.01,47.1,51.55,19.73,61.19,6.57,70.81,pulses
51.11,39.03,27.5,26.98,54.39,7.47,55.57,pulses
53.02,49.13,40.81,29.66,66.11,6.4,122.78,pulses
78.61,45.35,50.39,29.55,85.46,6.73,146.09,sugarcane
39.95,55.64,41.22,28.05,71.64,7.4,103.0,groundnut
36.54,39.73,49.24,32.55,58.47,6.78,29.74,groundnut
98.0,40.27,41.29,32.07,77.31,7.07,91.97,sugarcane
37.71,34.88,45.89,30.92,58.28,6.41,53.01,millets
84.02,44.46,41.57,28.17,88.46,6.68,318.42,rice
39.3,34.25,49.32,28.72,56.2,7.33,58.89,millets
72.24,52.23,37.95,28.14,75.47,7.41,102.4,maize
86.66,39.73,34.09,21.72,82.41,6.96,255.47,rice
66.25,59.32,62.08,27.02,45.97,6.94,73.98,cotton
45.55,48.64,44.59,22.33,51.15,6.99,64.75,groundnut
77.74,45.69,49.28,29.87,81.15,6.74,289.71,rice
49.05,51.8,43.88,37.0,66.57,7.38,96.34,cotton
52.99,48.31,60.23,25.86,60.24,7.14,85.97,cotton
39.74,41.09,29.17,29.29,48.3,7.2,58.15,groundnut
78.56,43.08,39.38,31.27,80.81,5.93,125.38,rice
51.02,56.12,56.33,33.03,41.17,6.33,88.25,cotton
66.88,47.9,38.85,24.11,73.43,7.29,60.94,maize
77.04,47.88,38.08,23.8,57.04,6.4,148.5,maize
94.78,52.3,64.66,33.11,74.08,6.6,271.62,sugarcane
34.24,52.67,40.7,31.48,60.8,6.98,88.01,groundnut
41.66,33.1,31.36,29.66,65.51,6.71,67.07,millets
78.26,46.15,29.36,19.41,68.96,7.39,128.44,maize
90.23,37.32,54.62,28.27,74.18,6.96,254.13,sugarcane
38.74,62.22,47.35,34.4,53.54,6.35,83.89,groundnut
28.27,36.57,36.27,21.68,62.03,7.14,68.23,pulses
89.83,52.53,48.01,32.4,84.04,6.06,363.13,rice
53.18,43.7,50.38,34.91,61.93,7.36,67.07,cotton
60.11,41.08,76.38,25.78,82.8,5.66,305.78,coconut
63.29,52.43,52.33,34.91,70.1,7.13,142.25,cotton
41.66,37.79,34.93,21.26,56.43,6.16,59.02,millets
37.65,32.02,34.42,34.87,52.18,6.6,30.82,millets
48.01,54.21,41.89,22.48,66.48,7.74,61.53,pulses
87.36,46.76,39.6,22.28,82.24,6.66,185.19,rice
58.53,57.97,61.4,30.1,45.24,7.43,63.02,cotton
59.17,59.76,35.14,26.47,57.6,6.19,68.08,maize
62.22,50.54,37.05,25.87,65.46,6.99,147.09,maize
41.95,64.63,31.81,22.58,69.63,7.54,57.5,groundnut
33.71,48.52,24.94,27.66,58.96,6.98,54.14,groundnut
73.23,38.26,33.69,26.16,66.94,6.1,138.14,maize
85.81,54.98,42.46,26.38,60.23,7.27,78.01,maize
73.75,41.62,45.65,20.67,92.37,6.23,256.45,rice
41.6,35.15,32.5,35.19,52.28,6.28,82.24,millets
100.28,57.3,50.43,32.5,81.32,6.34,120.52,sugarcane
79.61,57.53,54.14,30.09,86.88,7.35,242.05,sugarcane
78.94,42.28,46.51,28.43,84.8,6.27,238.05,rice
85.67,50.8,39.62,21.08,81.15,7.1,379.14,rice
76.8,49.84,36.91,29.21,76.91,6.86,325.84,rice
78.7,48.9,28.86,20.6,65.08,7.55,91.85,maize
39.73,46.51,40.12,32.27,56.79,6.49,70.73,pulses
79.2,48.67,29.56,29.13,66.53,6.21,67.25,maize
69.81,53.2,45.26,32.9,59.79,7.15,64.46,maize
68.56,45.14,39.98,28.16,82.49,6.24,358.72,rice
88.92,51.52,37.24,23.26,82.55,6.06,206.09,rice
82.8,37.85,27.18,27.41,73.15,6.94,125.06,maize
60.1,54.81,41.55,31.45,57.45,6.67,69.86,maize
50.67,48.52,35.12,32.03,54.57,7.86,70.44,pulses
56.75,52.31,57.17,34.06,55.97,7.36,115.56,cotton
76.9,44.5,41.7,26.67,97.68,6.9,280.36,rice
46.46,34.34,55.03,23.06,61.07,7.61,75.78,millets
67.93,56.52,30.29,30.68,55.99,6.6,134.19,maize
70.62,45.51,49.75,22.58,85.17,6.07,275.33,rice
56.36,42.68,56.69,33.65,63.46,7.71,80.57,cotton
79.63,45.57,40.65,26.5,58.1,6.46,95.58,maize
43.88,41.68,34.59,32.87,54.25,6.3,54.35,pulses
45.74,31.43,41.03,33.81,43.96,7.36,72.81,millets
76.37,50.08,46.06,20.17,80.96,6.24,329.3,rice
43.94,38.88,39.4,34.24,72.06,7.24,88.31,groundnut
60.15,38.11,38.41,35.62,54.13,7.71,55.78,millets
53.28,38.61,39.32,30.12,62.67,7.7,49.01,millets
42.65,46.23,42.18,30.31,63.0,7.4,38.38,pulses
44.06,36.28,23.04,21.4,67.95,6.47,87.99,pulses
46.45,29.58,43.68,28.33,40.56,7.2,48.75,millets
45.93,54.48,67.54,23.48,85.42,5.35,123.48,coffee
67.93,49.49,36.85,31.07,52.99,7.37,81.57,maize
81.27,51.83,34.45,29.56,78.45,6.32,333.99,rice
40.21,49.28,39.01,30.67,53.46,6.67,60.76,pulses
52.99,42.36,32.38,21.83,41.88,7.3,54.86,pulses
36.35,34.97,45.15,31.52,66.07,6.48,78.02,pulses
64.35,48.96,38.02,27.14,81.92,6.37,375.34,rice
63.62,41.35,39.22,19.1,59.08,7.06,67.23,maize
44.49,44.92,37.47,33.25,61.11,7.25,121.35,pulses
66.38,48.81,32.85,21.3,65.83,7.6,79.27,maize
64.62,41.4,39.7,30.42,88.9,6.14,225.33,rice
84.15,49.55,43.99,22.84,84.24,6.63,223.85,rice
66.36,54.19,36.69,27.71,72.62,6.97,191.31,rice
36.48,48.73,28.82,25.67,50.24,6.97,56.88,pulses
47.42,45.32,45.29,20.09,46.84,7.56,105.8,pulses
60.89,49.38,50.78,26.54,60.25,7.15,111.24,cotton
48.54,49.78,69.88,33.33,65.05,6.49,78.26,cotton
42.21,53.92,39.59,21.77,59.05,6.61,104.5,groundnut
71.5,47.65,39.37,31.54,82.88,6.97,220.8,rice
70.7,44.08,42.95,28.87,71.97,6.59,68.97,cotton
74.88,42.16,37.81,23.29,82.61,6.27,138.15,rice
60.98,49.9,29.9,30.44,68.71,6.56,67.67,maize
69.09,45.95,39.61,21.7,60.39,7.18,101.14,maize
65.94,53.27,49.64,24.29,59.53,7.1,147.59,cotton
40.49,48.32,44.42,34.75,49.59,6.43,35.42,groundnut
53.03,30.87,37.78,22.97,59.9,6.6,36.69,millets
64.34,44.84,57.14,30.8,65.1,6.82,50.19,cotton
96.15,48.42,62.76,23.76,63.77,7.07,168.48,sugarcane
32.86,60.18,46.09,35.02,54.99,7.04,51.77,pulses
47.35,39.35,35.96,29.68,59.05,7.13,58.26,groundnut
72.89,43.65,40.45,20.74,83.68,6.28,179.67,rice
77.23,43.43,40.91,29.28,74.5,6.93,152.78,rice
50.31,41.79,44.01,24.77,40.76,7.43,22.62,millets
75.16,54.1,43.58,27.73,53.69,7.07,37.23,maize
58.94,24.09,49.61,26.23,55.98,6.42,69.12,millets
91.26,40.3,43.92,25.13,80.4,6.19,204.69,rice
52.06,47.37,33.17,31.8,50.76,7.44,65.46,pulses
76.07,56.31,55.2,30.87,72.18,7.13,128.61,sugarcane
42.93,51.87,27.14,21.49,69.0,6.27,38.92,pulses
80.36,41.98,41.18,21.81,85.67,6.04,366.72,rice
69.84,58.37,30.38,20.98,58.29,6.41,74.08,maize
68.84,42.03,41.14,21.52,90.27,6.26,351.35,rice
83.89,43.67,43.91,31.01,77.77,7.12,208.28,rice
40.08,48.76,37.63,25.11,46.86,6.27,127.4,pulses
65.17,50.07,50.61,30.27,50.73,7.48,48.57,cotton
57.51,48.01,34.63,19.54,59.37,7.32,89.35,maize
90.0,50.82,54.6,26.47,80.19,7.44,151.19,sugarcane
86.02,50.72,44.44,29.73,90.95,6.27,287.7,rice
85.08,39.44,51.04,28.63,67.24,6.61,92.68,sugarcane
95.29,39.41,41.28,23.71,94.58,6.19,321.56,rice
85.56,53.96,58.74,24.37,84.84,6.48,175.1,sugarcane
69.36,39.34,32.72,29.81,61.86,7.4,103.34,maize
35.71,51.07,39.05,27.2,65.14,7.06,101.04,pulses
60.65,53.69,36.35,30.26,71.29,7.14,60.32,maize
68.45,53.09,50.21,25.48,55.17,7.41,132.23,cotton
37.99,40.05,48.1,27.58,49.28,7.18,52.95,millets
75.83,37.79,40.44,33.73,51.49,6.58,63.9,maize
54.37,47.2,38.82,33.11,61.69,6.51,103.74,groundnut
85.29,52.27,50.71,29.35,69.71,7.42,130.05,sugarcane
76.9,45.98,56.86,34.96,68.3,6.86,131.61,sugarcane
65.85,40.53,25.63,27.36,64.29,6.85,102.12,maize
50.19,33.41,41.16,24.98,45.9,6.9,52.87,millets
56.18,42.6,58.95,31.23,43.2,7.17,65.37,cotton
54.59,35.58,45.68,20.64,36.97,6.84,59.89,millets
44.62,56.09,40.54,34.81,69.59,6.5,27.64,groundnut
70.8,55.47,46.54,30.28,71.54,6.64,143.61,sugarcane
37.95,36.74,44.57,34.45,39.06,7.29,47.29,pulses
42.26,44.67,31.79,29.01,35.58,6.47,59.16,millets
63.11,50.42,60.98,27.68,62.48,6.67,149.59,cotton
94.38,61.66,54.63,26.12,88.42,6.49,219.28,banana
87.36,56.07,30.93,27.61,68.29,7.27,154.23,maize
34.77,53.28,42.64,30.12,65.39,6.88,54.09,pulses
55.12,48.91,42.38,26.55,51.83,6.32,93.8,millets
67.44,39.5,39.12,22.15,43.93,7.44,46.42,millets
86.55,52.6,34.13,27.47,85.84,7.17,238.89,rice
48.11,30.26,39.52,30.3,48.5,6.55,79.43,millets
62.9,53.03,48.5,18.88,54.03,6.97,52.62,maize
60.04,41.47,48.64,26.65,53.33,7.25,66.71,cotton
69.34,54.49,45.75,27.06,76.88,6.12,178.79,rice
72.02,51.89,45.85,29.67,82.09,7.19,243.61,rice
53.46,42.9,52.09,23.59,57.56,7.09,71.56,cotton
75.31,58.77,54.21,29.72,68.58,7.16,151.5,sugarcane
68.52,48.8,42.45,27.89,90.29,6.16,250.04,rice
46.28,37.77,54.38,31.73,64.56,7.52,109.16,millets
84.4,51.72,51.99,20.75,67.29,6.54,193.27,sugarcane
43.05,34.0,33.02,25.51,43.24,7.69,58.06,pulses
85.35,36.88,48.67,29.88,80.18,6.31,183.99,rice
95.73,41.73,52.74,23.79,73.18,7.24,145.47,sugarcane
32.73,47.72,31.75,25.54,51.92,7.53,67.39,pulses
73.25,44.68,46.61,29.4,75.79,6.87,189.73,rice
30.67,41.29,32.22,23.55,42.28,6.4,57.99,millets
83.44,45.88,44.57,20.65,71.32,6.95,86.32,maize
61.0,47.81,65.8,34.4,66.87,7.38,127.85,cotton
47.59,48.16,45.85,33.98,64.18,7.09,94.51,groundnut
84.17,42.38,38.49,28.51,67.07,7.06,103.81,maize
92.38,47.87,26.54,24.84,68.74,7.48,124.29,maize
82.75,40.08,45.69,24.27,82.89,6.98,263.15,rice
32.28,39.11,37.92,28.67,64.53,6.5,99.98,groundnut
78.63,43.04,47.89,31.28,78.23,6.51,299.32,rice
79.69,49.84,57.9,25.51,79.47,7.26,271.91,sugarcane
38.69,53.57,41.35,27.25,55.73,6.31,72.39,groundnut
57.62,44.97,60.22,34.65,58.96,6.89,51.54,cotton
84.75,46.03,36.78,22.92,67.01,6.72,76.53,maize
103.55,55.72,60.08,26.24,80.43,6.94,167.0,sugarcane
35.11,53.4,34.86,19.17,63.47,6.21,86.81,pulses
51.35,27.92,33.31,32.67,54.72,6.55,86.93,millets
79.9,44.27,40.96,20.85,82.8,7.02,199.63,rice
39.2,58.29,32.34,30.47,45.49,7.59,30.38,pulses
58.97,45.65,35.02,24.63,51.11,7.39,95.33,maize
50.94,28.45,46.93,24.35,36.5,7.43,80.57,millets
65.64,57.02,27.5,24.25,48.39,7.29,84.77,maize
100.73,47.82,45.99,26.36,69.28,7.42,161.35,sugarcane
68.23,39.46,87.9,25.89,85.84,7.01,324.39,coconut
35.61,36.21,40.61,34.45,42.15,7.32,33.62,millets
53.44,57.1,56.28,17.55,64.03,6.08,122.83,coffee
36.21,56.64,44.68,23.76,49.44,6.64,121.38,pulses
59.19,42.92,44.29,33.91,66.54,6.42,60.45,cotton
29.26,49.23,35.68,26.99,61.3,7.38,112.35,pulses
57.26,54.66,55.42,26.65,57.34,7.2,66.89,cotton
66.51,43.78,52.04,30.01,49.38,7.61,106.32,cotton
68.61,43.49,49.35,34.74,49.99,6.7,51.95,cotton
43.82,59.14,34.4,23.63,66.74,6.82,79.88,groundnut
94.13,40.16,42.5,30.36,72.47,6.11,201.46,rice
46.45,51.54,36.39,23.83,42.04,7.83,45.17,pulses
81.38,43.76,41.34,25.26,79.94,6.52,160.87,rice
81.21,57.24,39.9,23.82,89.24,6.08,249.9,rice
42.41,51.79,32.86,30.35,64.2,7.32,64.83,groundnut
68.57,26.2,50.17,34.26,49.77,6.54,65.23,millets
82.03,42.02,34.37,24.22,83.67,6.51,150.48,rice
45.09,53.93,47.02,23.25,71.05,6.98,87.13,groundnut
74.96,49.87,46.98,35.38,60.28,7.54,135.21,cotton
45.01,60.22,44.56,23.51,71.93,7.44,98.6,groundnut
61.27,39.53,39.22,21.08,51.33,6.25,74.95,millets
61.58,41.85,31.35,25.0,77.59,6.67,110.08,maize
44.46,34.29,35.36,34.87,49.58,7.04,22.84,pulses
73.0,47.69,32.74,19.7,55.12,6.69,140.0,maize
72.09,56.47,44.84,20.42,69.12,6.53,69.19,maize
55.91,42.2,41.36,34.01,39.15,7.36,74.12,millets
32.81,65.42,35.5,30.01,69.34,7.02,74.65,groundnut
87.67,42.13,35.24,33.36,55.82,6.53,59.26,maize
54.72,52.88,38.53,22.13,63.24,6.8,20,groundnut
103.84,49.74,61.38,33.36,83.16,6.58,169.13,sugarcane
43.91,55.22,32.81,24.1,57.31,7.2,103.34,pulses
62.6,36.49,45.13,22.98,63.19,6.95,81.99,millets
81.92,42.01,55.14,30.65,87.6,7.14,254.99,sugarcane
54.99,48.49,84.22,33.02,67.91,6.02,167.14,coconut
51.16,41.65,32.34,30.49,40.9,7.56,31.93,pulses
41.06,34.45,39.2,31.86,36.67,6.53,26.82,millets
66.65,51.57,45.16,30.81,63.07,7.72,102.91,cotton
74.9,44.49,39.05,28.71,82.48,6.1,223.25,rice
77.25,47.63,41.76,29.96,90.79,6.47,252.43,rice
92.17,53.62,46.88,31.61,70.78,7.4,147.94,sugarcane
50.71,54.41,73.53,26.37,83.23,6.13,172.34,coffee
75.46,46.89,33.42,21.27,56.9,6.24,123.38,maize
52.89,41.99,55.6,26.75,54.73,7.52,78.3,cotton
37.98,42.71,42.4,24.57,70.93,7.42,55.76,pulses
56.22,47.66,44.88,27.8,53.91,6.87,84.24,cotton
70.18,43.91,39.85,30.66,73.6,7.27,156.82,maize
70.04,50.06,39.16,29.43,77.84,7.2,153.73,rice
77.71,48.5,29.83,18.93,68.3,7.32,134.87,maize
45.67,47.39,28.7,31.53,49.94,6.35,62.33,pulses
58.23,45.09,59.94,26.47,49.85,7.04,89.11,cotton
72.7,45.98,42.46,21.94,81.15,6.15,268.09,rice
77.08,47.12,34.94,28.06,91.79,6.37,216.7,rice
36.75,39.36,40.25,26.87,52.86,6.79,106.09,millets
37.56,56.01,31.78,33.14,56.94,6.83,62.2,groundnut
59.24,37.94,38.02,23.12,54.11,7.42,85.07,millets
98.48,46.41,53.31,22.1,70.24,7.56,133.82,sugarcane
70.37,53.87,54.32,29.35,57.26,7.25,73.6,maize
82.26,50.46,39.19,24.27,85.48,6.52,273.01,rice
59.32,33.25,50.81,24.48,61.83,6.12,43.17,millets
89.43,51.81,47.42,21.55,90.89,6.77,294.22,rice
38.2,40.29,36.73,26.94,59.66,7.75,43.1,pulses
81.71,45.14,56.38,31.79,63.65,6.38,104.27,sugarcane
52.74,40.46,56.64,26.63,63.24,7.1,60.73,millets
62.34,33.92,49.69,26.25,67.17,6.9,50.42,millets
84.48,48.26,41.84,22.36,53.26,7.1,124.07,maize
56.62,34.14,41.13,35.62,43.88,7.18,73.83,millets
46.6,52.02,58.65,34.68,46.17,6.78,138.84,cotton
56.3,44.1,50.97,31.67,59.18,6.31,144.3,cotton
34.2,57.12,42.83,33.0,61.85,7.46,62.32,pulses
40.23,50.06,35.93,25.77,58.71,6.87,95.35,pulses
101.22,46.45,43.58,29.82,63.32,7.19,150.31,sugarcane
65.33,52.15,46.11,30.3,84.3,6.75,262.41,rice
35.99,43.57,33.46,24.77,57.21,6.21,62.45,pulses
35.3,65.22,41.04,29.49,69.0,7.29,66.05,groundnut
73.13,47.88,43.04,25.28,70.77,7.07,106.84,maize
56.56,30.34,38.37,32.02,66.65,7.66,73.04,millets
37.65,46.17,29.53,26.64,62.02,6.49,117.55,pulses
60.45,56.36,37.31,26.82,77.76,6.72,96.68,maize
26.8,56.32,29.37,19.26,46.59,7.27,56.23,pulses
71.54,44.64,51.0,35.83,63.82,6.35,43.54,cotton
32.89,41.44,44.38,30.24,50.66,7.06,68.75,pulses
60.47,47.61,34.55,28.99,66.68,6.8,95.25,maize
55.66,41.73,32.05,21.46,55.72,7.66,64.14,pulses
33.33,46.7,50.1,33.22,51.8,7.3,53.64,pulses
43.72,63.82,48.75,30.34,62.9,6.91,80.52,groundnut
71.34,49.89,27.59,19.47,75.11,6.11,82.37,maize
90.56,47.06,42.13,26.19,96.98,6.88,336.93,rice
37.05,41.94,34.99,31.26,69.41,7.39,51.46,pulses
73.01,40.88,28.96,31.06,71.69,6.74,82.9,maize
110.18,45.11,60.73,34.19,66.91,6.88,229.13,banana
76.82,47.21,44.39,25.82,69.77,7.14,224.24,sugarcane
56.31,55.61,38.01,27.37,65.13,7.35,60.13,groundnut
55.07,34.73,43.08,36.37,32.42,6.3,27.74,millets
63.92,38.24,39.37,27.02,83.71,6.23,299.88,rice
76.41,45.35,33.16,19.05,65.8,6.1,76.11,maize
26.64,45.58,40.65,19.4,54.71,7.15,62.24,pulses
76.38,47.77,64.15,27.93,65.19,7.31,107.09,cotton
41.66,42.95,45.21,19.7,46.73,6.97,75.61,millets
72.51,40.54,44.91,30.1,72.74,6.26,93.84,maize
63.54,42.35,48.08,26.06,57.84,7.0,106.49,cotton
39.39,62.03,41.14,29.01,75.6,6.41,82.54,groundnut
67.02,49.8,46.29,21.06,57.16,7.05,82.22,maize
38.67,42.5,51.83,24.3,54.43,6.48,66.83,millets
67.82,39.59,49.3,32.47,68.65,6.17,120.97,cotton
67.56,46.49,39.13,25.57,76.33,6.63,358.06,rice
104.9,47.11,56.92,28.51,71.86,7.26,137.37,sugarcane
85.64,52.29,60.94,23.67,90.53,6.48,236.58,banana
45.96,29.22,39.57,35.69,42.43,6.3,46.58,millets
86.44,42.2,31.7,22.73,55.62,7.28,168.55,maize
73.96,48.8,44.96,29.86,82.1,6.58,337.22,rice
40.21,37.0,34.53,20.76,71.04,6.62,35.42,pulses
44.37,60.86,34.35,25.22,62.51,6.3,63.72,groundnut
43.8,42.07,37.48,24.66,40.09,6.46,40.35,millets
60.16,46.27,50.71,28.65,49.83,7.12,75.9,cotton
77.04,47.77,69.31,28.61,93.58,6.18,360.31,coconut
73.89,46.93,39.22,21.55,57.09,6.78,130.95,maize
56.0,48.4,67.72,28.36,68.03,5.81,285.09,coffee
38.25,50.49,46.88,28.37,48.56,6.34,39.44,groundnut
82.88,49.97,34.5,23.85,75.74,6.43,209.02,rice
78.15,43.98,31.43,30.4,54.39,7.59,118.4,maize
61.34,43.51,45.18,25.3,64.82,6.41,56.08,maize
75.23,52.85,54.09,23.46,78.7,7.19,203.54,rice
71.13,48.07,63.34,26.81,79.51,7.4,172.98,sugarcane
35.88,44.43,36.74,30.39,63.82,7.08,42.44,pulses
100.73,64.81,51.19,34.15,67.9,5.84,229.42,banana
49.66,52.04,48.37,27.81,60.94,7.67,84.18,cotton
59.22,38.26,28.37,21.85,41.42,6.88,97.12,pulses
102.98,50.27,60.44,29.21,79.51,6.35,233.19,banana
75.38,44.28,50.99,31.16,68.38,6.98,123.03,sugarcane
71.85,44.01,43.49,31.88,54.47,6.55,95.62,cotton
80.22,47.84,35.78,27.84,79.12,6.08,194.06,rice
54.96,54.76,36.77,25.99,54.84,6.41,67.35,groundnut
48.65,38.52,59.67,27.41,46.96,6.71,48.95,cotton
70.5,41.13,47.11,30.2,82.88,6.29,254.05,rice
85.49,43.55,43.17,23.75,60.43,7.12,129.19,maize
88.46,44.21,40.1,21.66,87.83,6.56,255.28,sugarcane
60.33,28.93,46.52,31.37,46.71,7.87,29.01,millets
106.89,53.26,43.41,25.63,73.97,6.86,279.76,sugarcane
100.21,55.51,45.4,33.58,80.68,6.76,257.54,sugarcane
71.46,46.03,48.26,28.35,77.27,6.08,199.74,rice
52.1,38.9,41.25,26.01,32.51,6.9,57.15,millets
88.3,40.94,57.09,25.94,72.19,6.45,225.5,sugarcane
63.19,34.17,38.29,33.84,36.53,6.71,57.41,millets
31.91,64.56,37.48,28.28,61.0,7.66,56.02,groundnut
102.96,54.3,72.1,24.7,86.71,6.34,163.26,banana
50.57,69.13,30.46,31.17,67.28,7.26,36.73,groundnut
53.65,37.54,45.56,24.22,35.05,6.06,55.77,millets
40.99,40.88,40.12,25.78,39.66,7.46,54.68,pulses
35.05,58.1,45.0,23.44,53.49,6.51,78.24,groundnut
54.98,43.14,53.14,22.39,53.46,7.65,72.02,cotton
51.49,34.02,48.96,21.61,47.39,6.6,103.0,millets
104.3,49.57,58.28,32.22,75.93,6.88,94.2,sugarcane
104.85,57.45,67.05,25.6,82.08,6.18,276.76,banana
36.66,48.07,42.03,23.41,69.74,6.47,70.89,groundnut
44.87,66.7,69.62,22.65,91.7,5.31,264.46,coffee
71.22,53.76,53.6,24.21,84.64,6.99,206.42,rice
41.63,58.15,35.71,30.12,58.61,7.29,43.91,groundnut
72.3,44.3,44.29,23.32,66.86,7.26,145.82,sugarcane
74.97,55.68,59.09,25.85,71.0,6.56,142.56,cotton
46.83,52.56,41.56,17.77,73.14,7.52,86.95,pulses
53.01,52.53,57.23,30.75,65.36,6.53,62.68,cotton
78.1,53.01,43.79,28.21,69.76,6.28,84.97,maize
80.68,43.56,41.89,19.41,80.58,6.03,262.12,rice
32.95,54.53,45.74,28.92,45.47,6.56,98.74,pulses
60.84,39.99,52.9,27.87,52.09,7.0,41.55,cotton
77.33,40.25,45.3,20.56,78.67,6.94,195.47,rice
31.22,44.85,43.02,27.93,75.55,6.9,86.35,pulses
46.1,51.59,41.77,19.08,45.9,7.24,56.66,pulses
50.29,38.51,36.92,26.55,59.8,7.69,85.67,pulses
95.86,60.18,63.39,27.96,84.65,6.65,185.29,sugarcane
49.01,43.68,41.67,24.71,45.78,7.47,77.89,millets
56.77,32.07,52.7,37.52,57.24,7.38,40.9,millets
66.66,38.92,35.75,32.24,56.17,7.12,72.89,maize
51.77,39.75,28.49,25.35,53.77,7.78,56.85,groundnut
44.28,36.51,40.83,25.0,38.86,7.9,85.3,millets
33.79,64.38,37.82,21.57,75.89,7.26,113.5,groundnut
57.72,33.68,37.12,35.39,36.66,6.89,57.95,millets
73.2,42.51,31.12,29.17,53.69,6.89,79.41,maize
68.76,36.93,50.91,32.05,63.23,6.95,93.65,cotton
83.94,39.4,59.36,33.64,77.72,6.46,244.33,sugarcane
33.92,47.58,41.72,23.38,62.42,7.82,40.4,pulses
59.32,45.44,46.0,29.13,60.78,7.63,72.68,millets
94.78,56.31,60.86,23.75,73.61,6.3,135.79,banana
66.22,47.65,41.23,34.87,52.53,7.01,122.8,cotton
62.12,60.05,51.89,33.0,58.91,7.42,83.19,cotton
81.63,44.89,36.79,33.13,79.64,6.96,210.64,rice
95.9,48.73,53.7,29.88,83.27,6.57,141.8,sugarcane
61.38,52.71,47.38,31.65,57.73,7.21,54.63,cotton
78.45,50.22,45.34,31.92,59.9,7.29,114.5,maize
73.98,53.49,57.79,31.85,56.83,7.47,98.08,cotton
56.69,41.93,76.29,32.76,68.73,6.8,201.94,coconut
28.1,57.07,35.9,24.01,64.27,7.05,82.04,pulses
49.37,59.81,49.74,22.54,60.76,5.86,88.45,coffee
42.41,37.46,49.03,25.82,55.41,7.4,74.27,millets
59.95,44.55,37.87,30.11,63.47,6.32,170.88,maize
54.27,54.62,38.17,31.0,69.17,6.69,137.11,pulses
59.42,51.25,66.55,28.82,69.24,7.35,85.98,cotton
70.49,44.76,44.64,29.35,84.8,6.18,243.33,rice
28.03,44.92,30.0,33.15,54.16,7.01,55.77,pulses
59.05,33.73,51.14,33.8,39.77,6.82,60.49,millets
106.4,51.66,44.24,28.3,93.94,6.52,177.77,banana
44.64,32.64,33.16,27.82,53.13,7.64,79.14,millets
59.31,44.09,56.25,30.69,56.78,6.57,56.23,cotton
76.49,53.9,34.04,28.9,87.69,6.0,321.57,rice
69.34,62.75,58.13,25.75,52.02,7.62,109.35,cotton
95.34,45.21,38.92,29.42,85.86,7.21,177.64,rice
44.79,40.75,32.59,32.99,47.08,6.53,99.43,pulses
49.61,58.85,48.98,24.66,73.84,6.71,91.35,groundnut
44.74,40.53,50.89,31.88,77.69,7.17,116.86,groundnut
81.52,47.16,44.25,28.13,71.5,7.4,136.38,maize
60.12,43.9,47.77,33.42,42.72,6.36,47.93,millets
82.65,43.11,33.91,24.13,84.2,6.97,370.95,rice
68.57,37.96,37.78,19.67,90.96,6.63,293.08,rice
88.52,60.44,43.53,30.57,85.25,7.27,123.52,sugarcane
69.04,47.54,39.38,29.76,82.43,6.49,198.1,rice
72.77,53.99,39.24,30.42,73.28,6.87,52.04,maize
71.64,44.31,55.81,28.44,64.75,6.85,148.62,cotton
49.39,56.89,38.73,20.17,50.04,6.97,85.28,pulses
74.69,54.14,31.13,28.44,62.65,6.98,82.84,maize
74.36,53.0,63.31,20.84,75.64,6.44,262.36,sugarcane
95.36,59.22,51.23,34.36,77.23,7.25,189.22,banana
51.89,42.35,42.67,26.23,48.03,7.21,108.51,millets
98.01,43.53,58.43,25.69,68.48,7.56,136.53,sugarcane
81.9,52.61,51.12,20.73,83.29,5.89,252.84,rice
94.2,49.38,57.6,25.48,80.29,6.76,231.08,sugarcane
47.91,63.43,29.9,28.01,66.97,6.71,42.32,groundnut
59.57,53.41,52.79,35.62,48.07,6.88,120.46,cotton
91.04,44.24,31.98,22.84,80.6,6.53,176.29,rice
70.11,50.17,36.24,21.8,88.18,6.44,304.63,rice
43.78,45.34,44.42,22.39,61.15,7.07,50.99,millets
40.99,38.75,36.82,20.55,64.47,6.54,56.4,pulses
60.12,35.87,50.53,26.14,47.26,6.45,41.29,millets
75.67,53.24,46.14,27.13,86.52,6.43,218.43,rice
66.79,51.34,26.41,33.34,73.66,6.87,99.89,maize
32.87,40.43,41.21,25.65,55.39,6.31,123.88,pulses
69.89,41.62,42.77,24.95,84.32,6.66,266.44,rice
70.28,55.66,38.06,23.1,70.23,6.49,187.44,rice
30.0,57.55,32.38,33.85,67.57,7.4,87.92,pulses
44.74,43.32,25.31,26.92,64.05,7.28,117.99,pulses
43.69,56.66,24.15,21.17,72.37,6.9,94.84,groundnut
77.07,52.58,58.93,28.35,69.21,6.73,231.32,sugarcane
94.84,40.16,34.72,19.73,84.88,6.61,163.59,rice
42.25,58.45,28.75,32.3,53.68,7.09,34.83,pulses
91.71,42.46,44.01,30.02,79.05,6.75,167.86,rice
58.79,55.3,61.48,35.13,57.16,6.76,124.64,cotton
72.07,50.29,35.79,33.04,59.38,6.27,67.81,maize
40.15,31.87,39.11,28.33,51.45,7.33,43.87,millets
91.25,56.31,47.55,21.89,81.24,6.78,262.0,sugarcane
84.82,41.55,52.23,28.5,64.05,6.98,96.15,sugarcane
58.46,46.92,53.48,30.37,49.24,6.84,60.52,cotton
35.02,52.78,36.77,18.09,50.15,7.44,75.6,pulses
48.33,52.19,35.45,17.73,44.66,7.34,112.48,pulses
66.65,45.55,59.52,30.05,48.35,7.61,44.04,cotton
85.66,49.32,45.1,31.74,68.16,7.46,231.43,sugarcane
49.83,34.41,48.98,23.76,39.43,7.52,77.13,millets
48.47,51.98,54.52,23.99,61.4,7.26,94.53,cotton
85.18,52.29,46.28,30.53,88.55,6.22,235.12,rice
76.38,54.21,32.59,22.77,86.35,6.99,333.41,rice
39.19,57.13,32.6,34.47,65.63,6.68,60.03,pulses
54.42,64.22,34.35,27.07,58.88,7.57,56.26,groundnut
49.84,37.79,43.8,32.89,50.74,6.56,88.93,millets
65.57,53.69,82.94,21.67,88.79,6.44,190.47,coconut
34.1,45.47,34.21,25.02,59.25,6.77,110.35,pulses
76.75,45.59,47.7,34.07,64.5,6.63,158.6,sugarcane
65.98,46.17,57.65,28.84,63.07,7.15,103.48,cotton
38.72,49.64,30.32,33.57,57.87,7.01,50.15,pulses
75.74,49.14,44.44,26.58,87.33,7.05,210.42,rice
70.35,53.65,52.71,26.81,64.52,6.64,44.77,cotton
46.53,33.52,46.64,29.01,51.97,7.22,92.58,millets
56.83,36.86,30.85,35.48,38.24,6.54,37.07,millets
40.49,60.46,36.46,29.29,55.32,7.7,89.85,groundnut
49.66,46.14,51.14,31.86,68.12,7.3,100.68,groundnut
85.89,49.38,40.06,22.16,76.68,6.89,174.66,rice
45.8,36.72,29.8,28.34,62.07,6.75,37.13,groundnut
96.89,44.83,53.63,30.42,83.38,7.29,223.9,sugarcane
57.39,29.66,34.58,32.71,54.53,6.5,55.5,millets
80.92,46.89,39.07,33.55,79.99,6.69,150.5,rice
46.43,57.09,43.83,31.47,57.81,7.21,42.7,pulses
92.01,44.67,49.74,26.85,85.79,7.12,153.79,rice
98.43,50.5,54.65,31.22,74.28,7.36,145.12,sugarcane
60.48,49.54,57.08,28.42,53.41,7.57,120.44,cotton
70.18,39.44,40.08,31.73,61.36,6.15,43.03,maize
62.91,54.91,66.89,26.85,61.1,6.67,41.75,cotton
64.26,41.46,64.82,24.37,60.07,6.66,75.62,cotton
34.42,43.09,51.28,25.74,55.06,7.07,78.41,groundnut
79.1,49.23,48.34,27.02,85.2,6.91,263.72,rice
39.55,41.18,37.82,34.18,56.05,6.96,132.4,pulses
83.13,54.11,33.14,21.89,64.36,6.56,47.5,maize
43.35,35.46,30.99,24.74,59.38,7.19,86.95,millets
52.59,34.33,42.8,25.67,45.08,7.51,34.05,millets
82.9,42.21,43.29,22.07,63.44,6.68,90.23,maize
39.49,36.45,37.19,28.31,60.11,6.95,41.35,pulses
27.43,57.66,43.07,31.63,74.18,7.09,125.84,groundnut
50.44,41.46,55.04,30.12,60.23,7.46,81.15,cotton
92.13,47.04,55.56,23.62,66.55,7.25,202.53,sugarcane
33.63,59.45,41.47,25.47,64.33,6.88,102.4,groundnut
56.72,44.32,63.03,25.33,52.27,6.56,140.7,cotton
73.3,39.25,44.09,28.01,82.49,6.07,306.33,rice
42.68,45.85,47.12,22.85,54.3,6.3,125.72,pulses
93.93,55.14,77.49,24.24,69.81,7.13,218.18,banana
56.6,57.06,47.68,26.18,65.64,6.69,62.61,cotton
32.66,61.37,38.08,29.16,64.37,7.23,66.13,groundnut
38.69,45.4,28.27,30.23,50.02,6.43,47.63,pulses
92.45,41.33,47.42,23.93,85.26,7.47,159.82,sugarcane
86.99,44.71,37.77,26.48,81.03,6.13,380.91,rice
67.41,38.86,34.36,26.78,59.77,6.59,135.88,maize
65.45,56.98,36.17,27.3,66.43,6.44,64.11,maize
83.9,44.24,31.86,32.75,68.0,7.06,150.55,maize
73.96,56.26,42.85,33.96,59.18,6.35,98.53,maize
39.47,31.88,28.67,34.14,32.61,7.96,43.94,millets
72.61,48.42,36.55,25.39,60.03,7.52,124.58,maize
81.92,55.25,37.12,28.96,79.66,5.87,273.77,rice
73.16,44.21,50.06,35.41,48.32,6.95,37.16,cotton
79.12,43.87,63.58,34.09,71.57,6.84,125.07,sugarcane
95.7,41.7,44.49,33.46,74.21,6.72,113.66,rice
71.13,47.65,45.37,26.67,74.12,7.07,130.02,rice
92.39,37.54,41.67,20.06,81.14,6.29,301.33,rice
102.88,42.99,60.31,21.05,69.41,7.14,261.01,sugarcane
30.54,42.24,39.85,21.48,57.57,6.49,35.33,groundnut
56.1,33.93,50.02,23.97,40.0,7.73,71.98,millets
68.61,49.25,48.87,32.98,53.92,7.57,61.67,cotton
74.67,52.58,49.19,33.85,56.93,6.36,79.63,cotton
53.69,63.7,37.02,30.48,52.7,6.31,64.29,groundnut
49.84,53.88,44.32,25.64,74.81,7.52,149.37,cotton
50.85,40.95,42.37,23.35,34.98,7.4,77.82,millets
45.91,53.96,47.81,34.77,60.88,6.53,42.73,pulses
63.0,43.91,39.98,28.34,56.72,7.7,103.42,maize
52.69,39.89,52.57,22.39,57.64,6.37,41.45,groundnut
81.97,51.55,43.27,19.71,51.84,7.54,86.51,maize
100.56,48.54,43.24,34.61,68.76,6.88,134.01,sugarcane
49.28,46.33,46.34,21.7,55.95,6.39,31.86,millets
71.87,53.38,35.9,25.3,79.96,6.7,312.19,rice
49.36,46.39,50.42,29.69,57.88,6.91,92.12,cotton
32.61,55.81,28.69,25.79,66.1,7.74,110.1,pulses
91.2,49.68,52.54,21.35,82.44,6.98,269.67,banana
84.3,46.92,23.25,20.14,60.41,6.74,132.91,maize
44.44,41.02,51.79,22.92,74.17,6.87,122.39,groundnut
84.01,58.82,77.79,28.44,76.67,5.76,107.47,banana
49.37,47.67,31.24,20.65,41.91,7.51,40.95,pulses
70.16,49.66,62.73,37.67,55.55,7.19,79.78,cotton
55.1,39.82,39.98,22.45,46.24,7.17,70.49,millets
88.99,50.23,40.66,24.22,74.07,6.24,139.87,maize
87.29,46.3,39.54,21.85,83.23,6.46,283.62,rice
44.39,39.84,32.95,22.3,44.57,7.34,31.72,pulses
50.11,59.84,47.33,22.18,93.16,5.68,212.85,coffee
51.41,39.42,49.12,24.37,40.68,6.82,39.53,pulses
38.32,52.58,40.0,19.29,50.72,7.69,103.29,pulses
53.6,40.16,46.51,28.79,58.09,7.1,129.05,groundnut
29.42,39.41,45.0,32.73,40.66,7.11,67.04,pulses
80.4,50.13,34.43,29.81,81.0,6.02,209.04,rice
65.99,41.63,57.84,33.66,64.57,6.69,84.79,cotton
40.58,37.99,40.26,20.38,62.63,6.5,59.86,pulses
101.76,44.93,44.83,27.67,70.1,6.22,257.88,banana
49.07,51.07,46.65,25.65,61.44,7.1,84.92,cotton
52.06,44.52,50.75,25.64,71.14,7.24,118.96,cotton
110.53,54.87,58.99,31.54,70.58,7.48,220.82,sugarcane
65.23,41.08,38.85,21.15,80.35,6.35,177.14,rice
70.15,54.01,39.4,18.24,54.1,7.33,112.29,maize
31.37,28.42,30.61,26.38,52.18,6.79,61.97,millets
80.09,42.4,46.2,26.77,79.43,6.47,218.28,sugarcane
45.45,60.37,59.9,35.54,49.59,6.76,59.54,cotton
64.13,50.13,38.01,27.34,86.96,6.6,226.11,rice
83.54,42.84,40.61,20.12,82.51,6.96,296.42,rice
31.19,58.87,23.15,28.47,65.47,7.24,103.58,groundnut
60.04,45.94,36.83,31.76,59.0,6.64,94.6,maize
35.54,55.54,36.29,20.55,52.01,6.85,61.71,pulses
66.54,52.74,37.29,19.05,59.86,6.85,87.29,maize
34.8,59.3,30.55,33.47,72.18,7.39,58.63,groundnut
59.71,43.79,43.92,34.7,47.7,6.49,56.41,cotton
72.69,48.31,52.96,24.4,68.92,6.16,124.14,cotton
72.6,55.58,41.25,29.48,81.27,6.99,139.27,rice
78.01,54.23,52.7,33.67,72.92,6.96,209.92,sugarcane
40.86,54.13,51.85,20.35,63.43,7.03,71.44,pulses
59.48,53.97,51.3,29.84,62.89,6.76,111.52,cotton
80.8,48.43,65.97,34.67,64.86,6.83,100.61,sugarcane
86.33,57.03,55.56,33.57,84.51,6.48,230.23,banana
70.69,49.37,47.0,28.9,80.78,6.6,261.0,rice
62.25,40.67,46.51,26.83,49.98,7.01,119.71,cotton
43.57,26.91,34.52,21.8,60.51,7.02,61.09,millets
71.74,49.11,56.6,35.02,67.75,7.29,133.08,cotton
105.51,65.76,70.46,33.15,78.78,5.98,115.84,banana
73.22,46.41,48.9,27.52,52.38,6.45,89.03,maize
38.99,48.17,73.8,19.95,72.0,5.61,194.3,coffee
100.61,46.11,63.48,22.02,61.47,6.23,98.53,sugarcane
41.64,49.81,40.17,23.8,68.35,7.73,128.13,pulses
79.35,38.33,46.58,23.11,80.73,7.35,134.24,sugarcane
66.56,54.05,31.1,33.44,49.23,6.5,82.29,maize
52.12,49.91,30.92,31.43,50.69,6.45,29.05,groundnut
71.3,53.33,39.8,30.41,60.27,6.41,74.69,maize
52.62,49.85,56.07,33.78,71.0,6.99,102.2,cotton
92.57,45.25,43.24,32.59,72.73,6.79,215.2,rice
80.16,52.74,40.58,32.04,69.39,6.27,94.05,maize
48.81,31.84,31.61,21.87,51.26,7.11,44.82,millets
82.19,40.19,34.22,23.56,87.25,6.82,331.55,rice
49.97,53.58,45.8,32.24,50.37,7.84,37.04,pulses
61.78,40.04,53.12,33.22,60.53,7.41,70.59,millets
30.65,45.72,30.18,27.46,52.53,7.88,76.46,pulses
80.57,56.82,55.83,27.67,85.9,7.07,166.66,sugarcane
43.48,49.06,52.53,30.52,69.28,7.13,56.57,groundnut
64.16,57.77,57.43,30.37,51.58,7.46,84.58,cotton
86.03,49.87,48.76,23.41,87.61,6.67,363.57,rice
67.08,51.13,33.36,22.09,75.0,7.08,117.83,maize
68.42,47.51,47.71,23.93,74.09,6.01,279.92,rice
57.88,51.99,47.88,37.09,43.83,6.91,85.83,cotton
81.7,40.49,35.04,30.29,85.15,6.12,291.01,rice
61.79,32.91,42.68,23.46,62.29,6.95,59.68,millets
59.32,46.93,36.21,20.67,49.37,6.73,71.71,maize
52.27,34.61,28.95,22.83,56.03,6.76,68.02,pulses
66.61,54.34,66.06,27.18,53.97,6.58,95.12,cotton
42.66,57.93,46.87,26.38,46.45,7.48,43.47,groundnut
70.01,43.51,39.82,26.92,59.53,6.54,136.34,cotton
29.57,48.95,30.68,25.2,59.7,7.59,34.03,groundnut
55.5,39.37,62.46,32.71,75.72,7.32,119.44,cotton
79.05,50.6,71.35,33.24,64.44,6.33,102.94,banana
87.73,56.36,46.41,21.11,85.97,7.2,352.74,rice
61.12,47.04,55.83,24.12,67.02,7.62,114.24,cotton
74.85,44.7,53.52,31.61,68.95,7.06,113.39,cotton
53.38,43.83,55.23,32.83,61.63,6.62,56.56,cotton
91.29,50.41,40.12,27.74,78.35,6.23,139.1,rice
81.7,49.23,49.42,22.65,83.72,7.01,193.41,rice
50.42,52.49,61.71,14.34,87.16,5.45,136.02,coffee
38.07,39.25,42.9,24.14,69.55,7.14,74.2,pulses
77.28,42.76,30.18,21.14,63.64,6.14,87.57,maize
42.57,40.33,36.06,23.13,53.44,6.62,67.41,pulses
41.99,42.67,43.74,24.84,50.35,6.74,61.89,groundnut
85.36,48.87,59.12,22.2,75.79,7.54,204.09,sugarcane
76.2,51.42,40.05,23.87,84.33,6.68,285.64,rice
66.0,44.95,39.52,22.94,77.31,6.46,151.17,maize
88.85,45.26,36.12,25.37,90.67,6.32,229.72,rice
81.11,50.06,43.05,22.38,83.19,6.84,140.46,rice
76.47,52.55,32.16,22.84,68.29,6.71,132.95,maize
88.63,53.14,36.42,31.69,80.49,6.15,140.29,rice
59.77,51.4,46.43,29.17,59.32,7.39,84.23,cotton
41.9,37.18,37.18,26.55,56.36,6.82,87.92,pulses
68.39,45.2,42.14,30.68,85.15,6.65,207.84,rice
79.84,48.46,50.69,31.11,81.54,6.57,242.07,rice
68.53,54.98,43.08,27.61,76.39,7.01,108.21,maize
62.19,44.85,38.47,28.99,61.06,6.77,47.22,maize
73.04,46.12,34.72,21.62,64.09,6.84,73.23,maize
53.76,34.21,38.02,27.43,66.2,7.39,123.1,pulses
60.96,44.31,60.8,25.47,70.02,7.05,72.28,cotton
91.73,54.95,48.63,32.45,69.71,6.59,234.89,sugarcane
64.16,36.43,32.98,21.44,45.53,7.32,60.5,millets
47.49,36.11,43.6,33.85,56.87,7.43,57.01,millets
57.74,42.49,46.03,32.4,67.8,7.1,164.82,cotton
66.15,39.4,39.43,29.15,56.92,7.36,95.48,maize
71.2,54.51,45.53,34.32,64.88,7.1,96.78,cotton
72.36,53.05,47.92,18.2,73.97,6.47,117.74,maize
98.45,47.74,58.55,24.84,79.45,6.51,252.2,banana
83.72,51.64,33.38,21.53,82.57,6.59,224.51,rice
76.2,42.61,43.49,19.71,70.11,6.44,146.76,maize
44.65,37.03,72.7,28.57,84.61,5.83,189.8,coconut
45.51,42.18,28.83,25.77,41.1,7.13,91.73,pulses
60.18,39.69,48.31,28.56,49.34,7.04,75.66,cotton
71.88,41.61,54.61,28.6,59.81,7.16,61.27,cotton
71.83,42.88,39.72,23.24,64.42,6.42,135.64,cotton
65.73,40.11,61.12,34.47,89.16,7.3,294.33,coconut
56.99,41.74,55.53,34.49,66.28,6.73,103.65,cotton
49.01,45.82,42.31,24.1,42.93,7.19,60.09,pulses
91.32,53.86,51.64,29.72,68.62,6.6,127.61,sugarcane
47.06,43.96,47.96,21.11,56.43,6.68,86.83,millets
69.43,43.11,39.83,24.67,69.38,7.37,51.92,maize
73.64,41.89,56.74,25.58,65.19,6.28,139.54,sugarcane
35.79,43.12,27.85,31.65,75.85,6.89,119.73,groundnut
75.87,43.62,37.78,24.24,91.87,6.34,244.87,rice
64.05,40.52,37.59,29.36,67.81,6.9,72.14,maize
103.29,60.92,62.85,21.61,85.77,7.0,274.83,banana
71.02,55.7,49.31,36.51,58.67,7.22,75.87,cotton
39.81,30.87,33.39,34.5,57.62,6.76,55.52,millets
105.02,57.85,71.83,21.86,70.04,5.94,301.95,banana
56.68,32.31,35.92,29.87,40.97,6.87,83.14,millets
43.15,46.82,33.05,24.86,50.25,7.2,74.33,millets
74.19,46.54,44.07,28.08,92.45,7.05,316.73,rice
92.29,44.12,44.06,28.39,75.6,6.34,96.99,sugarcane
72.37,48.38,45.78,25.48,47.94,7.3,102.36,cotton
55.94,51.23,45.96,31.35,75.29,6.87,155.74,cotton
91.71,42.43,52.36,26.71,93.28,6.33,218.64,rice
48.36,45.19,36.82,28.23,54.64,6.78,42.87,millets
35.32,43.75,32.27,34.5,61.73,7.29,102.73,millets
37.78,48.06,40.51,25.74,67.04,7.04,57.3,groundnut
73.21,48.82,46.37,27.84,86.53,6.85,207.99,rice
46.84,55.37,28.71,22.89,41.38,6.64,97.44,pulses
59.5,47.64,52.18,31.17,43.57,7.05,89.37,millets
77.87,41.43,32.56,29.7,80.73,6.4,156.13,rice
53.06,46.27,66.72,23.97,56.8,6.74,73.74,cotton
71.89,53.21,64.37,28.49,48.54,6.82,58.42,cotton
32.29,52.57,32.75,20.45,74.46,7.48,86.65,pulses
47.89,49.98,34.06,33.25,66.0,7.3,84.67,pulses
72.85,56.38,34.07,20.36,85.67,6.23,258.71,rice
55.02,51.76,80.72,32.66,71.81,6.65,292.84,coconut
59.03,42.28,62.33,27.94,64.88,7.26,99.08,cotton
59.58,57.6,51.48,27.77,62.66,6.97,76.07,cotton
31.14,41.54,52.65,24.15,54.43,6.54,52.89,millets
40.61,58.09,25.58,32.65,64.51,7.16,84.74,pulses
80.01,37.1,42.49,26.06,93.2,6.83,330.75,rice
70.09,49.95,46.67,31.26,69.15,6.58,191.84,rice
45.96,47.29,55.07,24.52,80.92,6.3,139.54,coffee
35.35,52.51,44.86,33.31,63.83,7.28,45.6,groundnut
51.09,51.31,26.66,30.39,53.91,6.45,33.79,pulses
42.41,35.7,41.62,22.62,61.36,7.47,94.25,millets
51.81,63.5,41.09,31.52,59.94,7.2,95.55,groundnut
101.55,43.6,58.51,35.01,63.47,7.07,91.16,sugarcane
64.24,45.48,46.36,20.15,88.48,6.37,261.66,rice
32.98,52.38,41.21,27.64,61.75,6.79,22.16,pulses
75.43,37.29,41.34,26.09,76.51,6.38,193.08,rice
39.75,36.56,44.05,37.03,35.64,7.04,55.59,millets
70.85,47.47,30.43,32.18,64.02,7.39,60.26,maize
89.15,39.27,38.86,23.42,86.88,6.92,190.54,rice
50.05,29.11,38.67,25.28,51.46,7.03,94.65,millets
71.78,60.0,30.48,20.47,69.59,6.11,113.0,maize
55.14,43.66,59.35,23.94,63.46,6.83,92.6,cotton
39.57,46.21,35.63,19.84,58.94,7.66,63.2,pulses
57.17,38.8,39.83,28.89,69.73,6.74,44.96,maize
38.72,45.96,33.28,28.22,73.01,6.77,110.52,groundnut
40.7,30.44,32.15,21.76,56.6,6.47,96.92,millets
73.42,54.12,40.33,22.13,56.39,6.69,90.48,maize
52.18,27.34,48.97,23.14,47.45,7.17,36.59,millets
80.96,50.18,62.79,27.24,75.09,6.41,197.41,sugarcane
83.48,46.97,40.34,27.24,54.34,6.57,84.96,maize
36.57,44.43,52.44,22.29,64.41,6.32,53.38,groundnut
61.17,53.46,60.9,30.59,71.67,6.34,131.94,cotton
65.73,40.69,45.3,24.03,54.06,7.83,83.09,millets
60.67,52.37,39.76,23.16,62.18,7.14,119.35,maize
70.72,49.21,40.46,20.27,86.98,6.38,241.35,rice
26.73,41.4,46.87,22.68,73.39,6.37,78.91,pulses
70.86,45.24,42.34,28.25,50.04,7.03,69.0,maize
36.81,34.43,36.92,26.04,37.49,6.93,92.69,millets
60.88,46.53,90.89,26.0,82.0,6.24,250.42,coconut
80.36,45.64,34.19,29.0,60.3,7.41,135.0,maize
77.49,44.35,52.89,21.55,82.81,7.18,201.56,sugarcane
44.47,33.93,40.97,26.01,57.28,6.23,45.84,millets
60.5,22.17,50.13,34.65,44.3,7.34,36.43,millets
81.18,48.49,38.55,20.93,80.58,6.69,193.73,rice
67.7,37.14,41.97,28.97,67.48,7.4,144.81,maize
29.81,40.87,54.48,28.43,47.51,7.46,47.15,millets
54.16,54.59,45.43,34.05,59.99,7.49,70.47,cotton
78.67,37.51,43.24,25.03,66.55,6.74,111.72,maize
49.22,39.54,55.18,28.7,57.92,6.61,102.51,cotton
64.72,46.27,44.98,35.35,73.08,6.84,166.78,cotton
55.96,35.55,41.41,32.96,44.19,7.59,97.4,millets
30.04,46.16,29.03,35.52,53.8,6.32,25.28,pulses
35.39,51.46,30.35,33.52,71.66,7.63,100.39,groundnut
98.71,44.38,43.23,30.06,88.03,6.15,196.28,rice
40.24,34.71,41.34,23.02,66.67,7.52,51.41,millets
59.12,38.07,39.36,23.81,54.73,7.62,44.83,pulses
60.8,43.07,34.07,21.56,55.51,6.39,69.93,pulses
31.1,44.55,24.61,21.69,68.07,7.09,127.75,groundnut
78.28,48.22,44.01,20.46,88.12,6.82,310.6,rice
55.56,48.18,56.56,26.86,74.99,6.96,101.25,cotton
90.99,53.59,47.03,27.16,71.66,7.35,149.83,sugarcane
42.2,38.62,44.36,21.67,51.18,7.22,98.98,millets
71.69,47.96,48.88,24.97,71.52,6.91,165.56,rice
35.23,53.11,48.76,22.2,61.07,7.42,94.45,groundnut
101.54,38.36,56.34,23.67,59.92,6.56,98.32,sugarcane
50.94,54.17,53.61,33.9,52.22,7.79,84.66,cotton
41.07,43.99,41.79,33.14,59.59,7.68,74.05,pulses
37.67,39.35,42.08,26.84,59.33,6.3,53.61,pulses
83.0,40.59,51.34,22.76,92.74,6.21,315.25,rice
57.45,48.02,59.14,23.2,57.57,7.25,64.37,cotton
88.18,43.44,53.9,23.8,76.12,7.43,94.54,sugarcane
60.46,39.41,32.81,26.46,81.0,7.15,281.71,rice
78.23,45.17,59.59,33.53,70.34,6.77,152.59,sugarcane
47.43,50.79,34.65,29.03,42.02,6.4,53.6,pulses
69.66,47.14,61.86,33.73,46.39,6.74,64.35,cotton
38.99,40.59,32.08,22.65,51.57,7.32,64.51,millets
52.24,53.37,50.76,22.48,45.47,6.39,51.03,pulses
52.16,50.59,42.49,27.54,66.98,6.31,66.7,pulses
72.05,44.02,33.8,31.87,84.75,6.2,233.84,rice
48.87,45.21,37.11,33.75,36.02,7.04,36.86,millets
74.49,46.99,45.34,22.37,89.19,5.9,295.14,rice
90.94,39.17,41.45,24.4,87.16,6.91,160.49,rice
69.25,38.22,40.1,22.31,84.44,6.97,255.44,rice
41.94,63.57,44.03,23.65,72.48,6.01,158.21,coffee
95.21,49.56,61.07,26.81,79.4,6.29,174.76,sugarcane
74.03,48.91,46.17,29.89,90.46,6.27,241.81,rice
52.43,41.89,45.55,31.26,58.25,6.84,63.67,groundnut
42.27,52.35,34.7,27.0,66.48,7.26,113.09,groundnut
51.37,58.04,26.36,22.23,55.05,6.94,49.97,pulses
36.89,53.68,41.36,32.3,57.42,7.48,31.21,groundnut
52.43,45.94,47.28,20.64,58.9,6.55,87.43,millets
80.46,45.09,40.53,22.28,78.49,6.45,201.87,rice
40.94,36.94,53.49,35.55,50.48,6.26,20,millets
43.7,54.84,34.98,27.91,60.62,7.29,82.49,pulses
105.24,45.59,48.97,29.16,68.76,6.29,169.1,sugarcane
75.67,43.02,35.7,20.88,90.54,6.55,258.85,rice
71.29,55.25,58.55,24.73,49.23,7.04,63.99,cotton
39.31,42.84,42.15,27.63,56.3,7.39,48.05,pulses
53.31,49.21,47.09,17.99,67.8,6.86,62.15,pulses
37.96,45.85,38.29,30.63,74.01,7.02,49.36,groundnut
47.46,49.88,33.94,32.78,53.98,6.59,97.96,pulses
78.24,39.45,43.98,30.75,82.71,6.25,291.04,rice
73.5,47.68,44.47,23.17,76.09,6.48,281.54,rice
56.87,38.51,43.71,28.78,54.67,6.54,59.18,cotton
51.24,44.24,60.71,25.27,57.86,6.59,89.51,cotton
90.04,45.6,47.28,31.03,64.62,6.89,145.14,sugarcane
85.66,46.89,37.63,28.46,83.07,6.55,323.19,rice
47.35,47.29,48.65,34.42,52.75,6.1,143.78,cotton
62.81,43.64,62.26,30.85,57.01,6.23,94.82,cotton
45.35,52.94,50.75,35.59,44.56,7.22,106.98,cotton
65.91,43.32,43.62,21.34,72.55,6.97,185.45,rice
35.92,55.12,41.52,19.64,47.26,7.11,73.98,pulses
57.22,45.0,52.02,23.69,47.76,7.06,41.08,cotton
84.59,47.12,59.79,24.19,80.87,6.97,138.7,sugarcane
81.4,49.39,50.96,24.23,81.99,6.57,228.87,banana
58.03,43.53,32.78,36.06,36.81,6.66,46.14,millets
77.21,49.28,42.62,21.16,83.43,6.42,217.41,rice
43.01,34.62,38.96,23.12,57.76,6.41,38.93,millets
71.7,47.2,38.25,20.96,86.0,6.31,275.25,rice
79.56,46.17,36.05,30.21,72.08,6.46,177.51,rice
61.92,41.8,46.58,25.99,59.01,6.28,74.88,cotton
43.8,44.54,59.06,19.62,81.29,6.61,185.74,coffee
36.8,52.99,34.56,25.79,54.18,6.53,62.65,pulses
74.01,40.41,26.96,20.9,58.78,6.26,49.49,maize
65.3,45.82,42.09,21.2,82.65,7.21,292.77,rice
67.64,48.76,56.96,29.02,44.84,6.26,85.81,cotton
87.13,48.41,46.71,35.39,75.71,6.84,278.59,sugarcane
57.78,45.27,56.27,24.33,62.05,7.16,104.36,cotton
72.82,51.69,39.86,25.66,92.04,5.98,299.58,rice
94.29,39.01,44.7,25.78,70.38,7.06,126.13,sugarcane
55.56,37.28,46.27,31.32,59.89,6.55,80.18,cotton
50.92,51.43,46.64,33.93,63.96,6.49,99.77,cotton
98.26,38.39,38.89,32.36,74.6,6.4,215.9,sugarcane
49.19,36.47,55.86,24.16,41.6,7.35,41.38,millets
54.42,49.35,65.43,33.85,56.14,6.96,113.89,cotton
81.13,48.9,39.46,24.63,82.85,6.89,295.63,rice
68.46,51.3,36.09,29.15,86.52,6.78,171.76,rice
54.6,29.67,59.6,27.17,48.67,6.43,32.55,millets
32.93,45.74,45.0,25.51,65.0,7.29,100.41,groundnut
73.11,51.69,31.19,30.48,63.42,7.06,58.59,maize
37.48,51.48,47.83,21.2,67.75,7.61,69.54,pulses
51.96,34.36,41.81,27.01,59.56,6.59,57.59,millets
91.3,50.05,45.85,33.14,71.18,6.8,188.09,sugarcane
57.02,51.39,32.58,20.01,48.47,6.26,57.61,maize
87.51,41.22,44.97,28.2,81.67,6.39,184.63,rice
51.68,49.24,37.58,26.03,58.03,7.44,120.74,groundnut
40.19,33.73,44.03,18.83,43.69,6.58,87.02,pulses
55.25,44.62,49.1,22.74,44.6,6.69,66.73,millets
78.93,39.43,45.77,30.9,65.03,6.16,75.87,maize
52.81,42.85,55.97,23.61,70.53,7.61,162.3,cotton
82.11,52.09,48.82,31.76,81.54,5.98,136.12,rice
57.41,37.48,45.37,29.56,47.62,6.33,47.49,millets
93.18,59.68,68.67,29.23,77.22,5.87,231.2,banana
73.49,55.1,26.73,31.53,54.71,7.29,160.49,maize
95.51,47.44,48.39,27.59,83.2,6.42,147.56,sugarcane
82.53,55.17,29.77,20.36,58.64,6.71,83.58,maize
59.2,28.89,43.38,23.42,47.54,7.18,52.92,millets
76.1,48.68,42.1,21.6,88.94,6.11,237.44,rice
38.59,44.64,33.74,32.49,70.24,6.94,117.42,groundnut
48.16,57.22,56.01,19.21,91.2,5.54,285.56,coffee
62.08,44.4,61.48,32.05,67.91,7.15,124.22,cotton
58.13,48.65,45.84,31.05,69.03,6.89,99.21,cotton
38.84,51.56,46.4,28.99,73.86,7.09,54.16,groundnut
88.75,44.8,44.36,28.1,51.11,6.62,114.49,maize
38.52,37.36,51.51,23.6,48.16,6.1,101.8,millets
34.48,37.88,32.96,21.59,67.05,6.71,41.48,pulses
76.36,51.62,51.06,23.35,51.91,6.59,139.44,cotton
58.99,56.4,40.8,26.96,64.69,7.04,128.84,pulses
90.14,54.16,57.1,32.17,74.64,6.32,137.4,sugarcane
83.31,41.39,43.4,27.67,84.84,6.8,342.19,rice
109.14,42.34,67.28,25.73,72.68,7.08,226.23,banana
69.34,46.5,38.83,18.99,60.64,7.52,61.2,maize
79.24,42.57,46.92,33.22,70.62,6.3,115.03,cotton
38.47,42.21,31.7,22.47,65.94,7.61,73.08,pulses
31.16,49.67,42.85,29.49,69.09,7.11,119.15,groundnut
48.57,49.05,50.76,30.68,68.98,7.34,150.29,cotton
51.15,43.02,29.14,20.3,65.76,7.02,64.86,pulses
45.96,49.03,29.72,18.34,64.85,7.4,76.95,pulses
43.87,29.85,53.91,21.1,53.14,7.44,46.77,millets
45.39,59.93,37.06,33.71,53.0,6.42,63.22,groundnut
44.99,37.56,44.38,21.58,72.4,7.41,103.26,groundnut
51.89,29.92,33.35,35.72,39.23,6.41,43.66,millets
44.94,42.85,45.87,30.1,62.66,7.36,63.56,millets
46.25,51.85,50.69,25.77,51.04,6.72,85.51,groundnut
56.1,39.16,58.67,31.38,48.09,7.15,104.43,cotton
46.71,41.49,43.55,29.75,59.19,6.91,55.49,groundnut
54.28,46.41,45.74,24.99,76.25,6.85,49.52,groundnut
49.43,52.51,59.41,34.2,51.9,7.59,88.81,cotton
67.09,53.68,33.4,24.74,63.38,6.64,125.02,maize
63.28,41.91,50.82,29.38,62.02,7.16,168.38,cotton
82.83,42.26,43.73,29.3,85.95,6.77,232.8,rice
86.49,47.53,51.36,21.31,91.34,6.58,252.55,rice
89.15,46.93,46.8,25.27,69.91,6.24,118.95,sugarcane
50.8,41.63,44.28,19.18,56.96,7.52,84.6,pulses
38.44,55.92,37.66,30.58,56.96,7.57,48.83,pulses
84.11,40.9,68.98,28.47,78.57,6.8,217.15,coconut
42.3,41.18,52.55,21.45,39.72,7.06,55.43,millets
52.21,57.59,52.66,27.25,66.31,6.0,119.14,coffee
71.8,41.45,47.23,35.72,66.16,6.86,49.6,cotton
78.87,48.97,46.73,25.34,90.0,6.18,362.72,rice
77.66,53.93,42.59,30.79,81.94,6.26,245.63,rice
80.62,44.94,44.67,26.45,92.43,6.88,351.58,rice
55.76,36.43,52.94,21.36,68.72,7.11,82.39,millets
80.02,42.98,40.78,21.4,72.21,6.06,173.26,rice
81.23,45.54,62.82,31.98,78.32,7.2,120.38,sugarcane
39.24,43.68,52.06,26.22,70.99,7.71,110.27,pulses
45.29,35.67,44.53,33.28,43.08,6.69,74.71,millets
62.02,31.72,37.82,35.58,67.63,6.65,64.68,millets
97.64,44.75,41.09,27.69,72.26,7.44,246.88,sugarcane
51.12,44.5,41.02,26.1,73.08,6.96,76.82,maize
61.48,55.59,32.74,30.72,60.18,7.06,55.32,pulses
65.63,40.55,49.04,27.46,67.12,6.51,38.16,cotton
47.2,40.73,52.74,20.97,47.78,7.32,59.23,millets
53.75,56.39,46.42,28.08,68.85,6.27,102.34,maize
62.22,54.26,43.2,23.02,61.93,6.75,94.88,maize
79.29,41.52,39.5,32.48,70.88,6.38,149.11,rice
51.19,37.58,49.25,28.53,63.62,7.57,64.39,millets
41.55,40.74,51.17,30.95,50.82,7.16,62.54,millets
41.56,57.5,31.09,28.25,40.4,7.28,87.99,pulses
84.96,44.19,34.17,23.75,79.01,5.99,128.1,rice
70.27,43.36,51.15,21.35,90.82,5.86,186.59,rice
48.21,44.85,53.46,32.76,49.26,6.67,96.61,cotton
81.81,48.52,42.8,23.49,73.85,6.24,178.36,rice
77.3,52.85,50.15,20.14,78.91,6.77,329.54,rice
87.65,53.51,49.46,27.18,94.45,7.12,272.57,rice
70.72,44.45,53.56,32.25,50.08,6.9,59.54,cotton
64.41,50.34,34.96,27.42,58.5,6.35,45.44,maize
73.83,48.07,40.94,23.56,72.96,6.21,172.54,rice
70.4,54.18,40.13,24.11,80.94,6.88,308.54,rice
72.63,47.79,39.67,21.77,64.7,7.35,149.41,maize
50.89,42.46,31.71,31.01,60.11,6.75,60.74,pulses
50.27,41.47,51.2,26.19,48.87,6.54,52.74,millets
64.89,46.46,31.65,24.85,75.73,6.54,77.85,groundnut
103.32,56.27,52.8,31.93,74.05,5.97,146.47,banana
47.18,44.41,33.04,19.45,57.63,6.39,94.05,pulses
58.4,45.79,37.27,31.21,61.05,5.93,123.6,maize
56.58,51.86,30.82,21.84,52.3,6.33,29.66,groundnut
46.86,40.53,48.24,26.53,39.49,7.17,47.5,millets
35.94,29.48,39.52,35.61,40.79,7.67,68.65,millets
64.72,47.5,35.09,21.61,67.01,6.35,64.8,maize
75.28,52.66,43.84,22.69,67.36,6.85,42.82,maize
34.8,57.45,49.04,26.66,69.02,7.21,61.21,groundnut
68.99,39.93,44.93,23.66,74.61,6.86,215.26,rice
86.32,47.31,40.09,19.87,87.25,6.96,215.18,rice
52.27,42.96,54.14,26.35,53.8,7.25,99.99,cotton
80.22,38.95,39.0,30.48,90.51,6.09,199.82,rice
75.51,38.13,47.21,23.07,89.82,7.17,234.43,rice
46.71,64.22,48.73,29.68,58.16,6.66,67.49,groundnut
55.0,52.05,34.17,23.98,51.64,7.11,29.79,pulses
42.92,45.68,62.72,33.6,54.85,6.53,92.47,cotton
58.24,43.18,49.55,23.66,45.19,6.6,36.51,cotton
67.11,44.69,50.64,24.63,68.11,6.72,159.27,cotton
30.87,37.56,38.81,26.1,58.31,7.6,40.9,groundnut
46.17,66.25,51.83,30.9,66.4,7.39,115.25,groundnut
55.46,41.21,34.21,26.14,53.1,6.92,119.25,groundnut
44.97,42.38,29.97,34.21,49.14,7.8,100.66,millets
58.72,31.26,50.14,32.31,52.17,6.26,64.22,millets
42.74,27.58,50.31,34.81,39.04,6.94,76.58,millets
65.02,44.95,50.3,21.72,89.46,6.96,293.4,rice
70.29,55.95,46.92,27.45,53.16,7.09,78.46,maize
55.77,53.7,29.34,31.61,48.34,6.51,56.3,pulses
93.92,48.38,54.81,22.8,78.88,6.43,142.52,sugarcane
49.46,44.21,44.42,27.32,64.22,6.66,52.07,cotton
49.27,50.4,58.65,32.81,57.73,6.92,128.17,cotton
82.46,47.34,37.92,28.83,72.25,6.8,120.95,rice
43.94,41.3,47.18,33.59,58.75,6.76,66.88,millets
84.08,53.01,76.95,24.41,79.88,6.73,294.35,banana
51.11,37.47,46.92,31.87,56.73,7.78,43.61,millets
90.42,41.57,64.91,29.72,83.1,6.45,214.76,sugarcane
71.42,39.73,57.24,35.56,47.37,6.61,92.92,cotton
70.78,45.11,40.01,25.42,85.82,6.16,218.94,rice
85.61,44.9,40.18,21.54,94.32,6.65,224.78,rice
35.52,55.21,40.76,33.44,67.95,6.3,59.27,groundnut
70.0,56.64,38.18,31.86,76.32,6.34,173.87,maize
43.0,41.89,32.95,23.3,60.15,7.72,69.25,groundnut
88.4,54.91,60.08,31.98,70.5,7.5,128.6,sugarcane
45.51,43.78,52.42,26.67,48.15,7.72,96.06,cotton
82.75,49.99,43.27,30.93,56.81,7.17,130.51,maize
75.01,53.45,37.22,19.8,95.05,6.76,349.51,rice
58.84,41.69,40.25,21.58,45.26,6.9,71.76,maize
93.86,58.41,60.46,29.22,63.32,6.95,105.17,sugarcane
95.83,46.96,35.64,22.7,83.88,6.64,269.17,rice
88.63,46.51,56.07,32.64,72.25,7.13,255.25,sugarcane
59.49,52.04,43.76,32.55,58.12,7.25,85.23,cotton
95.72,39.48,41.87,25.15,83.56,6.69,216.56,rice
68.65,49.53,34.48,29.43,54.92,7.48,117.89,maize
52.4,38.05,35.1,22.49,45.13,7.16,21.51,millets
43.95,47.86,34.57,18.42,45.16,7.37,47.7,pulses
80.72,51.1,50.51,24.87,63.2,6.69,143.22,sugarcane
31.49,44.35,38.47,27.34,48.24,6.48,62.1,groundnut
34.04,47.84,39.21,27.53,60.26,6.67,73.31,pulses
46.6,57.47,38.28,29.42,50.61,7.11,48.84,groundnut
30.85,51.61,52.14,29.59,67.79,7.01,102.7,pulses
65.96,52.05,39.77,31.24,61.72,6.34,151.22,maize
85.55,43.92,36.32,22.4,83.72,6.65,265.16,rice
42.23,49.76,34.76,26.59,47.68,6.35,98.86,pulses
38.63,48.38,29.86,22.98,63.6,6.46,66.9,pulses
60.09,48.21,35.32,24.7,56.76,6.88,54.66,maize
32.66,43.82,30.13,30.24,53.08,7.44,112.04,pulses
39.73,43.44,27.44,36.24,58.06,7.3,37.75,pulses
75.96,50.78,43.52,32.03,84.34,6.16,328.29,rice
69.87,43.52,47.87,22.87,53.41,6.57,69.59,maize
86.25,43.08,50.91,25.41,78.91,6.95,202.3,rice
49.38,41.41,45.37,25.15,54.3,6.48,115.17,groundnut
78.13,63.96,53.41,33.44,77.9,6.95,142.71,banana
53.62,35.89,50.91,25.07,55.74,7.03,83.29,millets
73.39,53.18,37.93,32.0,68.22,6.19,80.98,maize
77.9,50.5,32.87,21.98,67.37,6.15,126.17,maize
50.61,43.3,38.65,24.47,48.82,7.35,40.15,groundnut
62.47,35.38,82.37,27.6,74.74,6.62,298.69,coconut
73.58,45.86,43.69,25.86,73.5,6.45,70.34,maize
39.42,43.91,65.46,18.86,85.47,5.91,327.83,coffee
86.85,42.24,37.33,21.23,93.47,6.29,284.73,rice
36.18,47.59,41.49,33.98,46.65,7.32,76.04,pulses
32.11,58.84,43.05,21.68,61.03,7.4,80.07,groundnut
43.71,40.23,51.06,32.5,40.18,7.15,87.84,millets
52.98,56.13,40.42,22.1,36.73,7.81,38.48,pulses
35.88,41.5,50.35,21.86,69.02,7.55,61.94,groundnut
46.49,46.06,41.79,21.29,43.03,7.69,67.57,millets
80.91,35.2,47.08,20.41,82.36,6.75,350.42,rice
75.0,44.23,38.83,22.5,68.2,7.02,58.48,maize
96.71,46.22,48.28,27.24,84.09,7.2,230.96,sugarcane
78.5,50.38,37.01,21.88,81.68,6.85,152.64,rice
64.6,49.2,51.28,24.51,65.23,7.66,136.76,cotton
95.01,39.15,39.28,29.82,90.84,6.47,247.5,rice
61.67,51.63,45.86,27.33,84.51,6.31,121.16,rice
45.2,45.17,33.02,26.09,58.69,6.7,39.59,pulses
70.0,49.33,35.36,22.98,50.68,6.14,39.34,maize
76.32,43.8,32.15,21.01,79.32,6.78,321.3,rice
105.82,58.59,52.16,26.41,89.21,6.25,205.77,sugarcane
89.28,43.08,36.46,20.31,90.96,5.9,324.98,rice
66.72,53.94,40.22,17.9,75.94,7.06,146.2,maize
45.5,64.64,32.64,30.84,52.88,7.51,111.62,groundnut
50.21,32.16,31.41,23.82,51.12,7.28,46.67,millets
62.77,50.51,31.19,26.11,56.66,6.45,79.83,maize
78.06,45.04,47.52,22.85,66.76,6.25,117.74,maize
51.22,57.97,27.4,26.77,61.02,7.0,57.82,groundnut
41.82,27.04,49.26,32.59,54.38,6.33,51.85,millets
73.54,46.59,51.46,25.65,45.53,6.28,49.48,cotton
84.0,57.66,62.23,21.75,80.3,7.11,222.94,banana
40.25,55.24,41.08,24.1,54.56,6.65,69.94,pulses
43.44,29.43,50.67,33.08,59.0,6.93,79.08,millets
53.75,49.0,73.46,29.11,77.76,5.96,130.51,coconut
88.44,51.41,49.02,24.67,75.17,6.25,188.2,rice
93.49,38.75,53.05,26.6,62.49,6.85,163.17,sugarcane
50.7,37.0,41.75,25.43,47.29,6.54,56.46,cotton
92.47,52.61,58.78,27.56,73.15,6.57,224.55,sugarcane
92.96,52.45,40.65,26.4,83.64,6.9,277.72,rice
67.52,51.34,42.43,32.6,56.88,6.19,47.49,maize
43.9,62.42,63.25,27.0,76.15,5.38,289.44,coffee
79.15,41.14,49.21,33.28,80.96,6.42,144.93,rice
53.06,48.16,50.99,34.99,40.33,7.0,31.33,pulses
77.61,43.31,39.44,22.32,87.54,6.46,348.85,rice
69.67,50.36,44.68,24.41,62.89,6.2,148.56,cotton
81.22,50.22,36.61,23.82,48.74,6.11,60.4,maize
75.01,42.54,40.45,31.02,93.96,6.61,246.73,rice
82.42,45.57,50.98,27.51,92.72,6.36,237.89,rice
103.53,50.36,42.45,26.82,59.87,7.45,137.01,sugarcane
44.81,38.56,35.85,32.43,59.16,6.45,89.06,millets
77.12,50.92,38.97,27.52,79.93,6.62,323.31,rice
91.1,37.49,60.37,23.04,62.68,7.32,86.16,sugarcane
62.42,50.44,52.2,29.91,45.46,6.53,136.6,cotton
81.15,49.15,36.03,32.34,70.64,6.94,149.84,rice
39.36,46.04,27.47,21.14,43.53,6.54,81.88,pulses
55.51,56.21,48.09,23.82,53.75,6.36,106.93,cotton
48.47,46.96,65.0,32.73,49.32,7.19,58.1,cotton
70.49,38.63,46.77,24.32,51.61,6.63,144.8,cotton
68.84,50.49,34.56,26.82,61.46,7.05,97.87,maize
79.83,54.36,53.38,23.14,79.73,6.41,186.61,sugarcane
72.65,57.04,51.22,28.68,80.2,6.43,247.44,sugarcane
84.51,57.58,40.7,30.93,81.63,6.15,226.92,rice
49.32,43.07,37.21,31.29,37.37,7.65,25.35,pulses
81.25,49.67,46.73,26.2,79.94,6.71,135.45,rice
46.22,50.47,71.79,29.55,55.38,7.21,144.85,cotton
32.76,50.46,28.34,25.6,59.65,6.95,80.46,pulses
94.5,51.91,43.84,33.99,72.66,7.01,234.49,sugarcane
47.62,52.64,30.06,28.09,64.57,6.59,71.38,groundnut
60.57,55.9,30.67,22.74,60.35,6.32,44.74,maize
82.07,48.1,48.98,21.03,95.82,6.58,375.92,rice
73.84,41.22,41.35,28.4,92.01,6.85,253.13,rice
25.07,51.14,44.09,19.53,41.46,6.99,91.52,pulses
72.06,53.3,41.08,31.91,85.84,6.04,199.18,rice
91.67,43.41,51.32,30.65,81.6,6.17,191.7,rice
68.07,51.52,58.93,31.86,58.95,6.44,127.5,cotton
61.79,42.28,26.34,31.68,52.98,6.29,34.08,pulses
81.32,41.54,44.68,31.65,72.2,6.92,189.79,rice
48.45,46.06,54.95,25.8,60.61,7.53,74.68,cotton
70.52,57.0,34.69,19.17,53.31,6.73,78.69,maize
86.14,47.85,28.65,30.24,57.46,6.65,74.92,maize
76.22,43.44,44.54,29.39,93.6,6.17,246.64,rice
90.2,43.1,40.72,29.18,79.7,7.24,148.97,sugarcane
77.03,55.92,47.16,23.41,53.53,7.25,80.88,maize
73.48,58.28,30.13,27.13,51.51,6.77,39.01,maize
82.35,39.92,41.22,25.8,86.41,6.47,224.66,rice
61.24,40.01,45.01,33.26,49.26,7.03,75.88,millets
84.87,45.22,42.61,23.66,82.92,6.13,334.18,rice
56.84,56.16,42.01,18.75,43.46,7.62,105.91,pulses
91.97,38.12,54.31,32.04,86.41,6.43,172.03,sugarcane
77.05,50.17,42.35,32.27,75.72,6.56,148.11,rice
59.21,46.21,35.69,29.25,59.61,7.09,67.85,millets
56.28,49.8,31.14,32.39,41.56,6.88,43.73,pulses
22.7,49.24,42.81,29.57,68.65,7.23,68.38,pulses
39.91,55.36,44.9,28.03,53.77,6.58,44.78,pulses
42.57,64.45,43.62,25.04,63.51,6.25,89.13,groundnut
66.83,48.96,49.25,27.87,45.9,6.99,71.73,cotton
47.36,32.54,33.13,32.69,39.99,7.12,61.7,millets
54.47,49.01,61.93,32.04,56.33,7.21,80.63,cotton
64.64,40.46,42.99,27.49,86.42,7.04,161.43,rice
90.98,52.48,45.13,29.24,92.61,6.67,369.54,rice
83.91,42.87,33.94,29.8,93.89,7.05,242.0,rice
91.48,54.71,40.71,32.04,71.18,7.02,147.06,sugarcane
61.82,54.27,44.71,30.82,78.0,6.41,145.37,maize
94.16,51.65,39.68,32.17,70.82,6.48,82.39,sugarcane
41.28,50.04,45.35,18.38,59.85,6.64,59.36,pulses
51.03,46.56,33.53,26.99,76.76,6.34,129.37,groundnut
35.86,33.37,46.05,31.45,60.25,7.46,61.95,pulses
76.85,42.94,64.14,28.03,75.14,6.76,152.22,sugarcane
49.32,32.94,51.53,27.3,63.79,6.43,57.76,millets
35.24,40.02,33.67,27.73,57.1,6.3,34.83,pulses
40.46,46.36,43.89,30.29,56.59,6.84,70.29,groundnut
40.99,32.82,35.22,22.13,55.37,7.8,60.85,pulses
64.27,46.71,65.64,35.04,49.09,7.16,155.51,cotton
81.5,45.58,39.11,29.5,72.79,7.32,245.26,sugarcane
105.53,56.27,47.07,27.65,74.51,6.08,99.15,banana
70.53,54.5,28.18,18.88,64.58,6.76,92.12,maize
46.61,60.42,67.87,16.87,83.13,5.75,156.82,coffee
77.7,58.42,42.19,23.44,93.03,6.86,374.92,rice
53.98,40.28,27.17,20.59,62.09,6.68,83.57,pulses
98.13,49.46,56.73,28.67,73.83,6.84,286.6,sugarcane
46.85,38.12,41.46,25.31,50.9,6.69,24.89,millets
82.08,44.37,44.48,24.03,81.51,6.99,179.57,sugarcane
72.11,48.74,36.22,26.04,83.3,5.95,241.18,rice
31.6,48.19,46.04,23.14,62.37,7.1,56.26,pulses
100.65,58.23,73.52,28.86,79.75,5.86,158.71,banana
75.89,42.91,28.66,26.58,47.25,6.61,53.32,maize
72.18,47.5,54.46,35.47,53.37,6.55,157.81,cotton
84.91,39.1,34.39,28.25,77.4,6.27,250.82,rice
34.74,39.44,45.05,26.0,51.69,7.89,54.72,pulses
55.35,42.68,39.98,28.05,55.28,7.66,75.58,millets
61.95,45.22,43.75,33.68,57.18,7.17,131.38,cotton
46.88,60.8,34.73,34.35,58.97,6.48,56.59,groundnut
66.37,49.99,37.53,18.06,53.59,6.99,81.47,maize
68.19,40.96,50.83,25.38,84.8,6.47,183.18,rice
54.99,55.65,57.26,28.01,61.33,6.94,63.02,cotton
70.41,40.45,48.25,19.53,80.88,6.0,225.99,rice
81.75,45.09,43.5,26.48,85.27,6.05,172.29,rice
41.15,53.49,42.76,23.59,59.97,6.37,93.1,pulses
62.15,55.81,61.5,35.08,46.69,6.83,51.4,cotton
48.72,38.58,65.59,32.41,60.54,7.56,57.67,cotton
76.47,51.84,43.57,18.56,52.8,6.23,138.5,maize
75.44,49.87,28.17,21.08,70.41,7.15,115.27,maize
68.91,55.46,65.73,25.92,51.74,6.69,63.6,cotton
46.39,49.36,33.75,29.57,57.6,6.83,68.08,groundnut
81.62,52.26,59.26,35.74,77.24,7.21,273.43,banana
49.45,50.76,31.16,20.04,65.75,7.33,67.04,pulses
53.24,51.43,41.96,33.66,45.76,7.62,98.11,pulses
33.63,53.63,37.49,18.18,53.83,6.13,115.75,pulses
64.9,41.04,47.27,31.86,88.85,6.46,280.99,rice
74.62,53.5,41.52,30.92,91.13,6.81,269.24,rice
50.79,30.78,52.37,30.97,65.58,7.45,61.78,millets
44.19,41.0,33.59,26.83,64.2,6.76,49.43,pulses
74.52,38.25,67.23,31.87,78.39,6.11,159.57,coconut
86.05,42.46,56.29,29.48,84.55,6.95,258.96,sugarcane
55.78,39.92,41.66,36.51,46.53,7.23,47.77,millets
79.62,43.16,39.95,20.55,94.97,6.13,203.21,rice
59.68,40.46,24.08,19.53,56.3,6.59,90.56,maize
81.7,52.26,33.99,30.28,82.72,7.22,188.86,rice
49.65,28.49,48.36,34.34,55.11,6.78,90.91,millets
85.39,58.51,67.8,31.11,72.2,7.26,74.8,sugarcane
97.14,43.29,55.55,21.62,72.58,7.31,135.29,sugarcane
52.48,39.76,46.65,26.64,64.64,7.49,106.24,millets
81.19,47.91,37.12,27.63,72.36,6.41,195.25,rice
64.0,57.96,48.24,24.26,56.83,6.76,94.83,cotton
61.3,55.7,61.77,38.71,65.65,7.45,41.52,cotton
84.65,42.64,52.92,31.94,73.05,6.82,187.48,rice
43.96,31.76,43.63,30.3,56.12,7.37,72.6,millets
74.68,49.58,43.28,32.71,81.06,6.62,128.97,rice
36.45,48.78,36.18,27.41,46.84,7.57,109.28,pulses
44.28,30.78,51.63,32.74,50.36,6.57,37.57,millets
56.18,43.26,48.51,18.94,60.72,6.36,123.95,maize
65.7,38.65,37.67,27.39,91.12,6.91,232.21,rice
62.21,49.89,49.72,27.92,56.56,7.37,70.9,maize
65.25,40.61,33.83,24.34,58.0,6.26,149.29,maize
82.59,42.58,58.25,30.11,73.13,7.23,123.61,sugarcane
74.29,52.23,35.34,25.47,73.19,6.3,204.49,rice
53.35,53.18,30.36,22.27,67.8,7.34,77.98,pulses
47.49,39.94,43.03,19.12,58.56,7.01,46.82,pulses
55.81,50.5,49.06,35.93,49.69,7.43,140.64,cotton
85.09,50.77,47.63,23.02,90.76,7.05,303.07,rice
78.44,43.12,55.77,21.24,74.7,6.7,135.67,sugarcane
82.0,42.09,59.54,26.69,83.91,6.8,190.57,sugarcane
69.44,56.1,40.21,19.27,65.87,6.28,74.23,maize
69.96,53.64,36.9,21.54,90.96,6.51,340.34,rice
35.68,51.37,30.93,33.8,55.26,6.4,35.65,pulses
76.74,52.36,81.6,28.09,78.04,6.05,231.04,coconut
30.93,51.9,33.43,23.55,53.54,6.73,38.74,pulses
100.17,47.37,55.09,28.71,78.44,6.35,270.12,sugarcane
41.28,40.83,43.38,23.37,68.52,7.12,80.09,pulses
71.23,51.73,35.4,21.99,83.37,6.15,168.01,rice
93.1,44.33,38.4,26.87,92.82,6.82,263.89,rice
41.46,38.68,43.03,18.26,53.73,6.41,76.11,pulses
38.96,58.73,42.43,20.72,56.32,7.06,58.03,pulses
82.86,42.34,47.02,30.73,81.3,6.33,243.3,rice
31.8,49.62,33.89,26.82,50.34,7.63,54.82,pulses
41.08,43.15,37.81,25.57,42.38,6.7,40.52,millets
43.5,31.1,42.11,35.2,62.37,6.45,65.12,millets
40.27,38.95,45.84,29.77,66.17,7.54,96.23,pulses
60.73,42.55,43.56,28.97,47.46,7.29,60.32,cotton
68.16,56.31,34.06,27.33,92.98,7.18,329.17,rice
84.3,54.31,52.0,29.03,74.05,7.03,139.29,banana
71.26,42.3,39.76,23.71,76.8,6.11,222.87,rice
29.67,38.25,29.45,24.14,49.92,6.69,51.14,pulses
105.85,55.87,64.25,23.39,77.47,6.53,192.06,banana
75.32,48.32,45.33,30.92,54.97,7.17,110.71,maize
55.19,60.07,21.64,31.78,63.8,6.57,41.38,pulses
41.96,49.84,29.88,26.82,48.94,7.02,76.36,pulses
27.12,47.25,37.43,29.37,60.63,7.12,43.46,pulses
38.53,33.27,51.27,19.82,55.49,6.64,83.9,millets
95.7,48.76,57.21,23.57,79.45,7.34,89.58,sugarcane
85.76,50.76,45.18,21.37,88.02,5.98,148.47,rice
73.19,50.8,48.52,28.91,48.86,7.52,50.51,cotton
44.24,51.28,45.69,27.09,48.34,6.55,32.21,pulses
67.77,52.11,35.25,31.98,68.62,6.46,87.21,maize
42.87,34.46,44.15,36.6,41.18,7.55,37.43,millets
51.98,39.61,28.87,26.59,60.69,7.05,77.56,pulses
47.89,42.62,47.09,34.65,43.39,7.38,90.08,cotton
46.82,57.8,37.37,21.44,53.33,6.68,115.95,groundnut
80.9,40.21,37.37,30.1,88.21,6.91,178.09,rice
65.92,42.28,59.73,25.67,73.39,7.07,119.49,cotton
60.98,56.93,59.59,35.56,57.19,6.47,147.25,cotton
64.9,39.76,44.82,24.56,66.76,7.23,55.76,cotton
32.8,57.9,43.6,27.98,77.42,7.33,116.81,groundnut
49.57,48.32,77.12,26.56,74.26,6.36,209.33,coconut
49.06,41.04,63.52,28.98,66.72,6.56,41.35,cotton
75.92,44.91,70.56,34.98,80.32,6.74,221.29,sugarcane
46.2,39.86,30.38,19.72,59.26,7.95,30.63,pulses
81.79,52.45,46.68,29.8,66.04,6.61,122.2,rice
44.84,33.52,28.53,26.75,47.71,7.28,50.32,pulses
46.88,53.6,40.92,18.09,49.93,7.28,59.88,pulses
67.56,53.84,44.74,27.49,54.34,6.32,81.26,maize
85.06,46.9,41.09,22.66,79.92,5.82,158.29,rice
80.1,42.87,42.58,25.69,84.19,6.57,248.47,rice
53.78,42.68,37.15,22.36,56.92,6.68,118.71,groundnut
51.25,52.73,34.79,32.97,62.73,7.13,97.01,pulses
74.71,50.74,43.99,31.73,89.57,7.0,253.52,rice
61.28,59.59,59.34,35.01,60.25,6.45,107.62,cotton
71.88,45.18,43.66,21.83,74.74,6.38,179.05,rice
58.05,49.34,45.48,31.29,47.76,7.51,58.97,pulses
89.84,36.57,61.64,30.22,84.39,6.81,169.76,sugarcane
67.18,43.65,41.92,19.57,54.97,6.92,121.35,maize
85.66,45.02,36.05,29.41,92.05,5.95,293.47,rice
78.75,41.47,36.15,21.13,82.74,6.24,201.11,rice
69.44,44.83,53.5,24.7,53.26,7.23,76.05,cotton
53.73,47.44,54.08,25.68,48.75,6.76,73.25,cotton
48.64,29.94,50.51,22.14,55.64,6.54,94.97,millets
50.34,43.96,60.46,33.85,44.52,6.37,75.75,cotton
58.05,41.61,41.85,25.86,37.63,6.77,82.93,millets
42.87,63.76,31.3,24.55,75.52,6.57,105.66,groundnut
76.82,55.6,50.48,27.06,69.41,7.46,161.19,maize
42.77,44.95,26.08,32.97,65.55,7.72,58.37,pulses
46.92,46.4,43.1,27.43,62.55,6.34,118.13,groundnut
71.66,48.65,51.86,28.06,75.9,6.12,155.1,rice
59.12,57.3,51.57,23.33,65.92,6.46,147.52,cotton
64.61,54.42,36.61,24.23,73.44,7.08,77.08,maize
65.27,42.99,63.61,35.67,60.57,7.27,104.08,cotton
70.03,50.29,37.77,29.5,88.86,7.02,263.4,rice
41.26,31.44,32.29,30.16,52.01,6.61,30.98,millets
37.76,41.23,45.37,31.33,56.66,7.06,75.83,pulses
58.54,53.19,45.6,25.14,46.8,7.31,58.55,cotton
51.8,51.52,55.26,32.38,58.58,6.48,39.23,cotton
34.52,51.09,32.57,19.34,43.67,7.4,35.45,pulses
59.79,55.52,63.29,25.88,51.98,6.43,49.48,cotton
54.49,48.56,28.24,32.73,71.81,6.76,43.92,groundnut
39.02,44.17,36.63,21.74,49.62,7.41,40.87,millets
57.75,54.57,42.06,27.75,61.54,7.14,91.1,cotton
73.45,42.87,44.27,26.71,87.71,6.47,252.81,rice
46.86,50.85,34.73,30.07,60.34,6.93,89.54,pulses
28.92,61.78,39.42,32.69,44.43,7.08,123.64,pulses
73.2,52.96,47.13,30.38,53.66,7.43,80.84,maize
75.7,49.73,44.31,28.95,94.95,6.49,273.44,rice
83.09,46.13,48.02,32.26,87.01,6.93,218.01,rice
58.9,45.24,44.06,30.4,66.26,6.98,72.67,maize
79.98,48.98,53.42,21.17,84.41,7.14,325.69,rice
39.36,40.91,30.88,35.48,51.54,6.5,63.18,groundnut
84.14,45.33,52.82,33.3,71.24,6.44,192.09,sugarcane
98.48,62.03,56.24,23.81,90.29,7.14,199.43,banana
81.8,42.92,42.33,30.24,69.5,7.02,202.84,rice
62.19,45.32,38.11,22.51,64.17,7.52,40.22,millets
101.57,43.48,53.59,34.18,72.13,6.95,227.04,sugarcane
80.3,43.31,43.66,21.1,73.92,6.57,176.3,rice
53.74,46.3,41.03,23.19,67.23,6.79,118.08,cotton
23.38,48.68,33.01,22.75,57.03,6.63,87.58,pulses
70.97,43.09,37.26,21.53,79.46,6.81,333.12,rice
49.97,57.49,51.27,35.04,53.78,6.59,70.62,groundnut
45.44,38.22,39.03,35.36,64.77,7.69,62.73,millets
54.0,54.56,55.17,35.57,66.79,6.87,139.61,cotton
67.87,52.73,68.04,24.54,57.24,6.41,82.49,cotton
39.48,39.29,36.89,21.37,40.86,7.6,54.26,pulses
64.16,36.24,41.74,35.56,61.99,7.65,75.8,millets
55.76,36.59,29.26,33.71,52.87,7.63,53.23,millets
78.98,45.28,33.75,30.2,78.59,6.78,302.42,rice
55.43,46.4,63.24,32.1,47.36,6.52,67.01,cotton
98.96,46.06,41.67,33.27,70.01,7.25,175.7,sugarcane
80.99,43.82,38.66,21.79,90.45,6.08,326.2,rice
68.27,38.25,62.25,31.08,60.09,6.68,78.66,cotton
93.36,50.44,67.1,22.02,66.24,6.36,84.5,banana
52.28,37.86,32.66,28.36,61.05,7.66,84.75,millets
104.3,46.67,62.76,34.92,72.18,6.96,136.98,sugarcane
66.27,46.19,96.47,33.56,75.38,6.27,194.38,coconut
51.32,38.8,49.19,25.48,45.15,7.08,111.19,cotton
32.38,39.16,34.57,21.06,71.61,6.19,47.27,pulses
66.51,53.51,59.19,27.82,46.43,7.29,67.62,cotton
72.79,42.73,28.45,28.18,52.69,6.39,100.3,maize
71.9,37.89,77.97,34.02,92.97,6.38,198.05,coconut
52.39,57.84,43.35,36.47,57.32,6.8,93.22,cotton
50.13,48.73,61.5,23.38,91.95,5.78,188.38,coffee
66.45,49.95,56.18,33.58,54.74,7.14,61.02,cotton
72.37,52.65,42.04,24.6,56.39,7.29,110.55,maize
60.97,30.54,56.12,22.03,60.52,7.09,43.57,millets
63.61,44.87,44.68,30.18,52.44,7.61,124.24,cotton
67.74,37.49,40.36,25.1,50.06,6.37,50.61,millets
76.62,43.68,45.33,21.52,72.49,6.3,166.68,rice
68.86,49.25,31.64,18.9,61.77,5.95,152.72,maize
105.24,40.85,57.83,32.02,73.73,6.93,135.71,sugarcane
40.92,31.35,56.14,28.98,40.2,6.88,72.46,millets
52.2,43.79,49.93,33.17,59.46,7.1,110.76,cotton
44.96,45.38,29.46,25.12,42.31,6.73,54.57,pulses
64.08,50.05,36.59,20.85,55.43,7.29,78.09,maize
53.41,44.18,38.85,31.01,38.2,6.5,42.63,millets
50.35,32.86,34.54,28.03,40.73,6.39,81.4,millets
83.14,38.11,45.59,21.12,78.31,6.8,202.16,rice
62.39,43.12,52.82,23.83,69.06,6.86,94.58,cotton
87.57,43.31,41.31,30.33,80.08,5.97,192.35,rice
55.91,41.79,60.52,31.22,44.32,6.68,50.16,cotton
58.18,35.64,36.21,28.44,42.87,6.57,48.02,millets
45.73,42.01,29.7,27.28,36.14,7.7,40.3,millets
90.13,46.52,50.37,23.84,83.85,6.63,264.37,sugarcane
46.98,31.34,47.29,34.84,42.1,6.61,111.57,millets
74.65,57.17,36.85,21.02,68.0,6.95,58.61,maize
58.23,36.92,47.85,32.68,41.31,6.43,87.58,cotton
40.71,40.9,34.42,26.07,60.85,6.94,46.37,pulses
47.25,43.08,50.93,24.97,70.5,6.82,131.19,cotton
42.79,55.43,29.48,30.07,61.33,7.45,83.99,groundnut
57.88,54.74,69.84,26.05,57.71,7.49,158.11,cotton
60.27,43.51,42.49,26.71,45.87,6.95,77.73,millets
70.38,45.85,37.67,32.21,68.47,7.43,84.51,maize
65.87,43.38,83.16,29.36,71.54,6.11,179.87,coconut
64.15,47.41,59.02,29.74,63.64,7.55,118.04,cotton
53.39,59.23,37.43,30.59,49.08,6.72,69.16,groundnut
48.15,38.52,50.0,32.6,51.63,7.76,44.09,millets
86.63,46.92,34.62,24.24,74.01,6.13,218.04,rice
49.66,47.03,31.38,31.78,49.1,6.77,23.55,pulses
45.52,28.52,48.12,31.31,57.56,7.5,35.26,millets
36.56,41.68,41.68,29.02,43.22,7.56,85.6,millets
45.72,49.75,40.3,26.55,57.06,7.42,86.32,groundnut
55.57,58.41,48.57,25.64,64.56,7.52,103.12,groundnut
34.95,52.37,44.1,18.74,43.54,7.26,50.89,pulses
57.99,37.3,43.52,20.9,64.88,6.67,45.34,millets
56.26,37.91,58.74,37.79,48.18,7.57,93.02,cotton
56.57,54.51,38.24,19.74,45.93,7.76,120.73,pulses
79.97,52.48,41.8,31.56,51.58,6.46,89.5,maize
89.44,62.48,60.03,24.94,86.92,7.28,182.47,banana
81.39,41.48,54.0,21.93,78.45,6.65,150.41,sugarcane
69.02,44.75,58.57,30.08,70.57,6.79,86.45,cotton
106.44,45.89,52.54,25.68,69.8,6.36,263.35,banana
49.8,55.05,45.53,28.47,50.71,6.47,63.14,cotton
75.15,59.0,52.08,25.95,70.86,6.82,133.85,cotton
72.71,52.13,51.52,30.91,62.48,6.64,78.38,cotton
53.83,56.36,52.2,27.59,59.03,6.71,135.87,cotton
73.62,53.18,56.9,27.79,66.69,6.54,75.38,cotton
39.24,48.24,52.83,30.88,53.09,7.12,20.2,millets
74.29,44.83,50.07,30.2,56.59,6.94,52.79,cotton
53.91,64.83,37.82,30.96,62.31,7.26,53.52,groundnut
35.76,43.08,44.1,32.83,61.25,7.35,53.41,millets
75.68,57.6,40.44,29.38,54.63,7.36,90.49,maize
68.15,49.48,25.75,20.59,53.58,6.72,154.01,maize
43.15,55.0,37.45,28.37,59.59,6.78,83.51,pulses
39.43,61.27,34.94,25.09,67.8,6.69,64.35,groundnut
49.05,53.42,27.5,32.86,77.59,7.48,60.77,groundnut
82.37,52.23,43.11,33.19,75.4,6.2,221.46,rice
39.06,54.01,38.41,23.75,43.49,6.99,96.35,pulses
61.3,52.77,63.63,28.47,56.93,7.1,117.69,cotton
93.8,51.53,60.78,30.79,79.22,6.19,163.78,sugarcane
57.99,36.56,42.17,33.82,61.24,7.41,60.47,millets
90.24,58.54,60.04,26.63,75.83,6.19,221.87,banana
60.38,48.74,59.73,33.82,69.15,7.39,69.65,cotton
60.52,60.41,40.35,26.22,51.87,6.33,84.39,maize
58.57,53.78,55.33,22.32,53.5,7.22,136.23,cotton
36.91,40.54,44.98,33.14,55.85,7.2,52.78,pulses
71.16,41.35,36.5,30.13,90.05,6.33,334.83,rice
42.26,37.66,43.22,26.3,46.24,7.53,75.28,millets
38.11,57.12,51.5,23.73,84.88,5.23,288.03,coffee
67.28,44.95,46.1,22.42,91.94,7.17,191.82,rice
26.52,41.41,43.34,22.05,60.07,7.62,38.65,pulses
25.78,46.66,47.4,22.16,73.11,7.2,87.68,groundnut
62.54,47.68,55.77,24.04,52.4,6.86,121.06,cotton
66.91,28.12,52.12,20.48,37.45,6.5,85.93,millets
25.6,48.0,32.39,28.59,70.32,7.35,54.83,pulses
96.94,52.3,59.82,31.11,79.17,7.43,173.95,sugarcane
85.36,53.16,50.8,23.04,86.17,7.12,120.36,banana
26.58,38.26,40.22,23.79,70.87,7.17,125.42,pulses
62.5,45.51,36.92,31.62,63.04,7.39,77.01,maize
78.76,42.33,39.11,21.96,92.9,6.21,355.33,rice
56.16,38.16,48.69,37.29,57.46,7.7,42.46,millets
82.77,56.21,36.97,22.57,71.37,6.56,131.57,maize
62.15,55.89,49.78,23.38,87.27,6.43,363.29,rice
58.55,49.75,53.6,32.88,51.22,7.53,50.85,cotton
41.69,38.2,36.9,35.77,60.13,7.31,40.59,millets
44.85,52.19,29.61,32.93,43.19,7.58,50.94,pulses
85.86,39.34,41.59,19.66,93.93,7.02,316.81,rice
31.31,48.42,41.29,29.58,51.36,7.6,49.72,pulses
36.83,30.82,53.25,37.47,39.14,7.53,47.7,millets
76.52,51.73,35.85,20.98,75.55,6.06,256.19,rice
43.25,41.42,30.38,19.73,54.79,7.11,89.31,pulses
36.13,63.19,32.64,23.98,65.21,7.22,72.62,groundnut
39.48,46.32,46.56,33.15,40.65,6.83,44.99,millets
35.88,51.16,37.13,28.82,72.25,6.54,105.6,pulses
71.6,54.03,28.01,24.51,63.03,6.23,61.21,maize
59.05,39.11,46.39,31.02,54.01,7.78,118.43,cotton
62.64,61.26,62.12,36.14,43.78,7.01,56.35,cotton
54.19,45.49,61.54,32.08,50.42,7.47,89.57,cotton
63.84,38.63,42.35,23.8,58.23,6.76,87.69,maize
45.94,39.02,37.32,23.33,46.59,6.28,68.63,pulses
51.2,48.63,48.3,32.6,63.46,7.5,75.55,cotton
77.41,51.44,36.83,29.47,83.77,6.15,157.82,rice
45.68,48.3,42.59,19.03,50.92,7.73,98.8,millets
41.63,34.91,36.35,18.06,61.59,6.32,69.77,pulses
95.36,41.74,27.24,30.08,90.99,6.48,254.71,rice
40.4,30.27,35.85,23.43,60.5,6.63,83.51,millets
42.74,60.39,58.99,21.23,73.89,6.1,211.5,coffee
79.33,51.21,38.93,31.03,58.18,6.26,95.99,maize
63.13,42.51,62.06,34.56,54.83,6.71,77.36,cotton
35.71,44.83,34.89,20.23,57.83,6.78,105.03,pulses
41.97,59.86,33.38,25.53,72.57,6.68,88.57,groundnut
68.2,58.99,60.83,30.59,50.14,6.94,113.6,cotton
77.0,47.2,45.79,30.45,79.72,6.04,381.82,rice
33.18,35.73,44.87,22.67,51.6,6.84,135.39,pulses
105.46,56.87,68.02,22.12,94.22,6.6,270.62,banana
40.9,44.09,43.89,28.89,47.06,7.71,60.58,pulses
53.36,53.08,42.99,29.6,67.26,7.09,111.85,cotton
62.68,47.88,39.06,27.69,55.55,7.25,23.97,pulses
39.55,43.96,50.71,23.67,46.92,7.33,107.53,millets
68.82,47.73,39.84,27.37,52.18,7.53,119.71,cotton
42.21,41.63,54.2,28.89,51.85,6.3,73.34,millets
57.38,55.6,52.28,27.62,64.37,6.71,116.75,groundnut
59.53,50.87,59.6,30.33,58.83,7.46,140.34,cotton
74.25,53.78,35.88,23.07,76.24,6.7,242.05,rice
75.84,41.1,48.32,30.65,72.11,6.08,273.36,rice
72.45,46.84,38.69,23.71,83.52,6.54,263.39,rice
29.8,46.47,33.85,32.1,52.85,7.87,38.01,groundnut
75.45,46.57,40.45,27.89,84.77,6.63,274.55,rice
65.67,40.82,38.43,34.26,49.07,6.4,83.82,maize
73.62,51.77,54.35,24.76,54.25,6.26,129.89,cotton
51.36,44.64,64.08,33.55,54.64,6.47,96.06,cotton
80.72,54.05,37.47,31.41,49.74,7.45,79.33,maize
85.45,46.7,34.63,30.71,78.97,6.3,201.63,rice
28.24,53.51,37.24,21.9,73.09,7.25,61.05,groundnut
46.71,49.01,65.94,26.98,47.64,7.3,145.17,cotton
77.88,45.38,42.01,25.48,96.93,6.96,249.3,rice
109.47,56.35,57.52,23.37,69.74,6.87,78.68,sugarcane
43.94,33.66,81.55,32.17,74.84,6.37,112.57,coconut
46.41,53.39,34.22,20.91,64.55,7.01,48.76,pulses
61.91,46.6,60.94,25.74,66.57,7.04,120.89,cotton
27.74,37.95,27.69,24.87,60.86,7.03,80.68,pulses
93.14,46.7,38.01,21.03,53.75,6.36,85.08,maize
76.62,44.05,48.08,30.17,90.67,6.79,192.57,rice
62.47,49.12,31.92,31.33,48.36,7.33,59.23,maize
54.22,59.28,43.67,30.78,59.05,6.73,97.96,maize
34.6,43.78,37.99,27.56,66.17,6.68,63.97,groundnut
33.29,28.73,38.41,24.41,51.86,6.79,56.25,millets
53.32,42.73,58.45,25.83,55.3,6.69,79.32,cotton
71.46,51.38,37.15,30.16,76.57,6.84,156.22,rice
83.6,54.21,38.17,27.67,96.18,6.19,238.91,rice
103.53,56.22,52.49,22.02,70.37,6.88,240.39,sugarcane
47.49,45.41,31.99,28.14,74.0,6.92,43.47,pulses
82.75,53.36,30.84,21.48,74.85,6.65,201.25,rice
68.36,47.57,37.1,24.38,72.69,6.26,195.59,rice
74.32,38.8,49.5,28.27,84.2,6.9,190.69,rice
100.02,39.69,48.52,27.33,61.48,6.3,114.15,sugarcane
43.38,44.72,53.68,29.17,61.74,6.79,126.25,cotton
34.17,42.98,44.11,25.82,47.43,6.78,36.64,pulses
41.81,57.2,32.98,25.21,53.0,7.76,133.54,pulses
49.57,56.3,47.21,32.19,55.53,7.43,82.59,cotton
52.55,47.0,51.38,20.35,56.36,7.17,39.12,millets
77.85,48.6,37.02,19.42,59.35,7.55,75.31,maize
51.51,53.55,64.13,28.48,52.71,6.49,67.27,cotton
63.75,48.51,59.69,27.24,52.49,6.79,90.22,cotton
65.71,46.64,63.91,32.44,64.88,6.92,169.64,cotton
72.62,50.64,48.42,28.3,44.68,6.64,72.94,cotton
44.84,40.01,29.49,22.31,55.52,7.68,51.71,millets
61.37,28.55,38.93,36.21,48.23,7.18,52.27,millets
42.87,36.46,46.16,34.65,40.84,6.13,66.75,millets
